participant_id,question_number,question_text,transcript
P01,0,A bag holds three red marbles and one blue marble. One marble is drawn at random. What is the probability that it is red? Explain your reasoning.,"Because you are drawing 1 marble at random, and you have a total of 4 marbles, and there are 3 red marbles, so the probability that you get a red marble is 3 over 4."
P01,1,"A panel of psychologists interviewed 30 nurses and 70 accountants, all successful in their fields, and wrote short descriptions of each. One description has been drawn at random. Sam is warm and attentive, remembers colleagues' birthdays, and recently stayed late to comfort a distressed co-worker. What is the probability that Sam is one of the 30 nurses rather than one of the 70 accountants? Explain how you arrived at your answer.","I decided to use Bayes' Theorem to solve this problem. So the way I considered Bayes' Theorem was I calculated the probability of the nurse given the description. And as a result, when I used Bayes' Theorem, I flipped it around. So probability of nurse given description is equal to probability of description given nurse. And multiply by the probability of someone being a nurse divided by the probability of description. And I decided to take the probability of description given nurse to be 0.7, even though it wasn't necessarily given. Because the description that was given showed that it was more probable that Sam would be dead. The description came from a nurse. So I decided. To weight up the probability. And I took the probability of nurse to be 0.3. And I just took the probability of description to be 1. Because there was no other way of calculating the probability of description. So given this, I multiplied 0.7 times 0.3. And I divided it by 1. And I got 0.21 as a result."
P01,2,"Suppose a tennis player reaches the Wimbledon final. He has to win 3 out of 5 sets to win the final. Consider two possible events. The first is that the player will win the first set. The second is that the player will win the first set but lose the match. Is one of these events more likely than the other, or are they equally likely? Explain your reasoning.","If the player just wins the first set, then I took the probability to be half because there's no probability. I just took it to be half for simplicity. And if the player wins the first set but loses the match, I took it to be... I considered a few different cases. So first, I considered that the player won the first set, won the second set, and he lost the third, fourth, and fifth set. And for my second case, I just considered that the player won the first set, lost the second set, third set, fourth set, and fifth set. And when I calculated the probability, because I took the probability of winning a game to be half, and I also had to consider the different permutations of it, so I just multiplied half to the power of 5. For the first case, I multiplied half to the power of 5 times 5 factorial over 3 factorial times 2 factorial. And in the second case, I took it to be half to the power of 5 times 5 factorial divided by 4 factorial. And I added the probabilities together, and I got 0.4. 0.4, 0.6, 0.8, 0.7, 0.5, which is lesser than half. So therefore, I considered the second event that the player will win the first set but lose the match to be more likely."
P01,3,"A cancer test is administered to all the residents in a large city. A positive result is indicative of cancer and a negative result of no cancer. Now compare two probabilities. The first is the probability that a person has in fact cancer, supposing that they got a positive result. The second is the probability of a positive test, supposing that the person has cancer. Is one of these more likely than the other, or are they equally likely? Explain your reasoning.","The second case is more likely than the other, the first case, is because the first case probability that a person in fact has cancer, supposing they got a positive test, is a false positive, no sorry, it's a true positive, but there might be a false positive element to it, which means that this will be less than 1, and for the second case where the probability of a positive test, supposing that a person has cancer, all people who have cancer will end up getting a positive test, considering that this test is highly accurate, so it's likely that the second one is more likely than the first."
P01,4,"Two black and two white marbles are put in an urn. We pick a marble from the urn. Then, without putting it back into the urn, we pick a second marble at random. If the second marble is white, what is the probability that the first marble was white? Explain how you arrived at your answer.","the probability that the first marble was white, if the second marble is white, is 0.25. And how I arrived at my answer is that I used Bayes' theorem. So I considered where the probability of the first marble being white, given that the probability that the second marble is white, equals to the reverse, where the probability of the second marble is white, given that the first marble is white, multiplied by the probability of the first marble being white, divided by the probability of the second marble being white. And to calculate this, I used 1 over 3 times 2 over 4, times 2 over 4, and this is the numerator, and I divide it by 1 over 3. The reason why I got 2 over 4 was because initially to select the first marble, it's just the probability of selecting a white marble is 2 out of 4 marbles, and the probability of selecting... 8 white marbles after removing the first white marble is 1 over 3, because you don't replace the marble."
P01,5,"Two dice are thrown and the product of the two numbers is 12. What is the probability that neither of the two numbers is a six, taking the order of the numbers into account? Explain how you arrived at your answer.","So for this, I took Bayes' theorem again, so probability of two numbers not being 6, given that their product is 12. So to calculate this, I multiplied the probability of product being 12, given that it's not 6, multiplied by the probability of it not being 6, divided by the probability of it being 12. And to calculate each of these figures, I used 1 over 6 times 1 over 6 times 2 to take into account the order, and then I times 5 over 6 times 5 over 6 to consider the case where it is not equal. Sorry, it is not 6. And I divided it by... I multiplied the probability of 12... Sorry, the probability that the product of the two dice rolls is 12. And to do this, I divided it by 1 over 6 times 1 over 6, and in total I got 0.694."
P01,6,"A card is drawn from a well-shuffled standard deck and set aside face down, unseen. A second card is then drawn and shown to be an ace. What is the probability that both cards drawn are aces? Explain how you arrived at your answer.",The probability is 0.0045249 and I got this by multiplying 4 over 52 times 3 over 51 because you have 4 aces in a set of 52 cards and when you draw the first card that is an ace and you multiply it by the second card then it is 4 over 52 times 3 over 51
P01,7,"60 percent of the population in a city are men, 40 percent women. 50 percent of the men and 25 percent of the women smoke. We select a person from the city at random. What is the probability that this person is a smoker? Explain how you arrived at your answer.","Because you have 60% of a population being men and 40% being women, so when 50% of the men smoke, it is 30% of the population that are male smokers. And 25% of the 40% of women, it would be 10% of the population are female smokers. And when you add them both together, you get 40%, which is 0.4."
P01,8,"A test detects a disease whose prevalence is 1 in 1000. Whenever a person has the disease, the test is positive. However, the test also has a false positive rate of 5 percent, meaning that 5 percent of healthy people also test positive. A person is selected at random, given the test, and the result is positive. What is the chance that this person actually has the disease? Explain how you arrived at your answer.","So, I understood this to be the probability of someone having the disease would be 1 over 1,000. And false positive would mean that the probability of someone getting a positive test, given that they are healthy, would be 0.05. And in order to get the probability of someone getting a positive test, given that they actually do have the disease, the probability of someone having a disease, given that they actually do have the positive test, it would be probability of positive test given disease, multiplied by probability. So, this is the probability of having the disease divided by the probability of having a positive test. And so, the probability of having a positive test given the disease, you actually having the disease would be 0.95 times 1 over 1,000 divided by 1. And this will give me 0.95. 0.95 times 1 over 1,000 should be 0.00095."
P01,9,10.3 percent of women in a given city have a positive mammogram. The probability that a woman in this city has both a positive mammogram and breast cancer is 0.8 percent. A mammogram given to a woman taken at random in this population was positive. What is the probability that she actually has breast cancer? Explain how you arrived at your answer.,"So the probability of someone having a positive mammogram is 10.3%, and the probability of someone having a positive test and breast cancer is 0.8%. So using Bayes' theorem, I would consider the probability of breast cancer given positive would be equals to the probability of positive mammogram given breast cancer times probability of breast cancer divided by the probability of having a positive mammogram. And so as a result, I divided 0.8% by 10.3% and got the number of 0.0777, which is the probability that she actually has breast cancer."
P01,10,Two machines M-1 and M-2 produce balls. Machine M-1 produces 40 percent and M-2 60 percent of balls. 5 percent of the balls produced by M-1 and 1 percent of those produced by M-2 are defective. We take a ball at random and it is defective. What is the probability that the ball was produced by machine M-1? Explain how you arrived at your answer.,"So, because 40% of balls are produced by M1 and 5% of the balls produced by M1 are defective, so I just multiplied 40% times 5% and I got 2%, which means that the probability that the ball is defective and produced by M1 is 2%."
P01,11,"A witness sees a crime involving a taxi in a city. The witness says that the taxi is blue. It is known from previous research that witnesses are correct 80 percent of the time when making such statements. The police also know that 15 percent of the taxis in the city are blue, the other 85 percent being green. What is the probability that a blue taxi was involved in the crime? Explain how you arrived at your answer.",So I decided to use Bayes' theorem to solve this question. So it would be probability of the taxi being blue given that the person is correct. And I decided to solve this by multiplying the probability of someone being correct given that the taxi was indeed blue by the probability of the taxi being blue and I divided this by the probability of them being correct. And I used 15% divided by 80% and I got 0.1875 which is the probability that the blue taxi was indeed involved in the crime.
P01,12,"In a routine screening programme, 3 percent of the people screened have a certain disease. If a person has the disease, the probability is 75 percent that the screening test will be positive. If a person does not have the disease, the probability is 5 percent that the test will still be positive. A person from this programme has just tested positive. What is the probability that this person actually has the disease? Explain how you arrived at your answer.","So, to get the result, I had to derive the probability of disease given positive tests. And this, using Bayes' theorem, would be probability of positive tests given disease times probability of disease divided by the probability of having a positive test. And to get this, I used 75% times 3%, and I divided it by 5% plus 75%, which is 80%, and I got 0.028125, which is the probability that a person actually has the disease."
P02,0,A bag holds three red marbles and one blue marble. One marble is drawn at random. What is the probability that it is red? Explain your reasoning.,"Okay, so we have three red marbles and one blue, so the total is four. If we draw one, the chance of drawing a red marble is three out of four. So at the end, the final answer is 0.75."
P02,1,"A panel of psychologists interviewed 30 nurses and 70 accountants, all successful in their fields, and wrote short descriptions of each. One description has been drawn at random. Sam is warm and attentive, remembers colleagues' birthdays, and recently stayed late to comfort a distressed co-worker. What is the probability that Sam is one of the 30 nurses rather than one of the 70 accountants? Explain how you arrived at your answer.","Well, if we ignore the description, the probability is 0.3, which is 30 divided by the sum of total participating people, which is 30 plus 70. So overall, the answer is 0.3. But this answer ignored the provided evidence that Sam is warm and attentive. We cannot consider this evidence because we do not know the probability of warm and attentive people out of being a nurse or out of being an accountant. So my final answer is 0.3."
P02,2,"Suppose a tennis player reaches the Wimbledon final. He has to win 3 out of 5 sets to win the final. Consider two possible events. The first is that the player will win the first set. The second is that the player will win the first set but lose the match. Is one of these events more likely than the other, or are they equally likely? Explain your reasoning.","Yes, the first probability, which is just winning the first set, is more likely because winning a set probability is just 50%. The second one is a conditional probability, so winning the first set, that is a probability of 50%, and then losing the match. So the overall probability is the probability of losing the match given the fact that they have already won the first set, which is a smaller probability compared to the first one, which is just winning the first set. So the answer is that the first case is more likely."
P02,3,"A cancer test is administered to all the residents in a large city. A positive result is indicative of cancer and a negative result of no cancer. Now compare two probabilities. The first is the probability that a person has in fact cancer, supposing that they got a positive result. The second is the probability of a positive test, supposing that the person has cancer. Is one of these more likely than the other, or are they equally likely? Explain your reasoning.","Well, the first statement is more likely because the probability that a person has a positive result given the fact that they already have cancer is very high. This is basically the accuracy of the test. And in more cases than not, if you have cancer, then it will be correctly detected by the test. While in the second case, the probability of having a positive test depends on actually the entire population. So if a person goes and takes a cancer test, what is the probability of them having cancer? And this is a much, much smaller probability compared to the first one. So my final answer is that the first statement is more likely and the second case is way more probable."
P02,4,"Two black and two white marbles are put in an urn. We pick a marble from the urn. Then, without putting it back into the urn, we pick a second marble at random. If the second marble is white, what is the probability that the first marble was white? Explain how you arrived at your answer.","I think the probability is 0.5 because the probability of the first draw is independent from the probability of the second draw. So the fact that the second marble was white has nothing to do with the first draw. And the probability of drawing a white marble first remains 2 out of 4, which is 0.5."
P02,5,"Two dice are thrown and the product of the two numbers is 12. What is the probability that neither of the two numbers is a six, taking the order of the numbers into account? Explain how you arrived at your answer.","Well, the answer depends on the evidence that is seen. So, the evidence is that we know that the product of the two numbers is 12. So, if we know that, we also know that the two numbers in the dice have to be 3 and 4. So, 3 times 4 or 4 times 3. Those are two possible outcomes. In addition, it can be 2 times 6 or the other way around, 6 times 2. So, overall, there are only four possibilities for each die. Out of those four possibilities, two of them contains the 6. And hence, the ones that do not contain a 6 are also 2. And the final answer is 2 divided by 4, which is 50% or 0.5. Thank you for watching."
P02,6,"A card is drawn from a well-shuffled standard deck and set aside face down, unseen. A second card is then drawn and shown to be an ace. What is the probability that both cards drawn are aces? Explain how you arrived at your answer.","the Probability in this case to draw two aces is the probability of the first draw being an ace and Followed by the probability or multiplied by the probability of the second draw being also an ace This product is in the first draw is 4 divided by 52, which is basically for aces in the complete 52 cards deck and Then this probability of 4 over 52 gets multiplied by the second draw probability and in the second draw There are now three aces And there are remaining 51 cards, so it is 3 over 51 so multiplying 4 over 52 which is the The first draw by 3 over 51, which is the second draw Gives us a probability of zero point zero zero four four Which is nearly half half a percent"
P02,7,"60 percent of the population in a city are men, 40 percent women. 50 percent of the men and 25 percent of the women smoke. We select a person from the city at random. What is the probability that this person is a smoker? Explain how you arrived at your answer.","Well, we can consider a sample of 100 people. In this sample, we have 60 people that are men and 40 people that are women. Out of the 60 men, 50% are smokers, and hence, we have 30 smokers. And out of the 40 women, only a quarter are smokers, and hence, we have only 10 smoker women. The probability of a person being a smoker does not depend on the fact that they are a man or a woman. And the... This is basically the sum of the two groups, which is 30 plus 10, which gives us 40 people. Out of the 100 initial population are smokers. And the final answer, therefore, is 40 divided by 100, which is 0.4 are smokers, or 40%."
P02,8,"A test detects a disease whose prevalence is 1 in 1000. Whenever a person has the disease, the test is positive. However, the test also has a false positive rate of 5 percent, meaning that 5 percent of healthy people also test positive. A person is selected at random, given the test, and the result is positive. What is the chance that this person actually has the disease? Explain how you arrived at your answer.","Well, I'm not entirely sure about this one, but we have that the probability of the disease is 1 in 1000. So if we consider, like, probability of disease D is 1 in 1000, then the probability of the test being positive in this case is 100%, since we have an evidence that the person is selected at random, but after giving a test, they were actually positive. So we have those two probabilities now. And we are asking... First, what is the probability of the person having the disease, given that we already know the test is positive? So this is the probability of D given P. And using Bayes' theorem, we know that the probability of D given P is the probability of the likelihood, which is the probability of the test being positive given the disease, and this is multiplied. So this is divided by the probability of the disease itself, and then divided by the probability of the test being positive, which we just established that this is 100%. So probability of the test being positive is 100, probability of the disease is 1 in 1000. The only remaining quantity is the probability of positive, given that they have the disease. We know from the question that the probability of positive, given the fact that they are healthy, is 5%, and this is the opposite, so the probability of positive being actually sick is 95%, so if we multiply these quantities we have 95% multiplied by 1 in 1000, then divided by 1, and this gives us 0.09. So if we multiply these quantities we have 95% multiplied by 1 in 1000, and then divided by 1, and this gives us 0.05. So this is 95%, and this is a healthy statistic because we note that since we have a positive, if we can multiply 0.04% of the tell to total, point zero zero zero ninety five"
P02,9,10.3 percent of women in a given city have a positive mammogram. The probability that a woman in this city has both a positive mammogram and breast cancer is 0.8 percent. A mammogram given to a woman taken at random in this population was positive. What is the probability that she actually has breast cancer? Explain how you arrived at your answer.,"Well, we can have the first probability, the 10.3%, as probability of M, for example. And then we know a second information, which is that this probability of M multiplied by the probability of B, which is, in this case, the probability that a woman has breast cancer, is 0.8%. In my opinion, these two probabilities are independent. So, the question phrasing says the probability of having both mammogram and breast cancer together are 0.8. So, this is the product of the two probabilities. Knowing this, we can arrive at the probability of breast cancer itself, which is basically the 0.8%, which is the probability of breast cancer itself, which is basically the 0.8%, and divided by the probability of M, which was 10.3%, and this gives us 7.76%. I think this is the case because those two probabilities are independent. And if a woman has a mammogram, it is still the case that she will have breast cancer with a probability of 7.76%."
P02,10,Two machines M-1 and M-2 produce balls. Machine M-1 produces 40 percent and M-2 60 percent of balls. 5 percent of the balls produced by M-1 and 1 percent of those produced by M-2 are defective. We take a ball at random and it is defective. What is the probability that the ball was produced by machine M-1? Explain how you arrived at your answer.,okay so in this case we want to know that the probability of a defective ball being produced by machine one hence the probability that we want to calculate is m1 given that is defective we can use base theorem and calculate this probability as m1 given defective is equal to the probability of a defective ball coming from machine one multiplied by the probability of a ball being produced by machine one and divided by the probability of a defective ball overall the first quantity which is the probability of a defective ball coming from machine one is equal to the probability that horses necesitaging a ball machine one is given as five percent and this is multiplied by the probability of a ball being produced by machine one which is again given as 40 percent we have to multiply these quantities and then divide it by the probability of a ball being defective which in this case have to be calculated so let's take a sample of 100 balls if we have 40 percent chance that is coming from machine one and five percent of those balls are defective then the probability in this case or sorry the number the total number of balls that are defective coming from machine one are exactly two balls in addition we have defective balls coming from machine two which is 60 balls multiplies multiplied by one percent which is 0.6 we add those two quantities so 2 plus 0.6 and this gives us 2.6 out of 100 so 2.6 percent and we divide the the first uh two quantities that we multiplied together which were 0.05 times 0.4 by this new quantity which is 0.026 and this gives us the probability of a ball being produced by machine one and based on the fact that it is defective is 76.9 percent
P02,11,"A witness sees a crime involving a taxi in a city. The witness says that the taxi is blue. It is known from previous research that witnesses are correct 80 percent of the time when making such statements. The police also know that 15 percent of the taxis in the city are blue, the other 85 percent being green. What is the probability that a blue taxi was involved in the crime? Explain how you arrived at your answer.",I think in this case the probability is simply 0.8 multiplied by 0.15 so it is basically saying that the probability that the taxi is blue and the witness is reliable which is 15% out of the out of 80 and that is that is 12%
P02,12,"In a routine screening programme, 3 percent of the people screened have a certain disease. If a person has the disease, the probability is 75 percent that the screening test will be positive. If a person does not have the disease, the probability is 5 percent that the test will still be positive. A person from this programme has just tested positive. What is the probability that this person actually has the disease? Explain how you arrived at your answer.","Okay, so in order to answer this question, the quantity that we want to calculate is the probability of the disease given that the result is positive. This can be calculated using Bayes' theorem, which says that in this case, this quantity is equal to the probability of a positive result given the disease, multiplied by the probability of the disease itself, and then divided by the probability of a positive result in general. Let's take the last quantity first. So the probability of a positive result can be calculated by knowing that 75% of people who have the disease will test positive. That is 75%. That is 75% multiplied by 0.03, in addition to the 5% probability of a healthy person having a positive result, which is 0.05 multiplied by 0.97. So in order to summarize, we have the probability of a positive result is equal to 0.75 multiplied by 0.97. So in order to summarize, we have the probability of a positive result is equal to 0.75 multiplied by 0.03, plus 0.05 multiplied by 0.97, which is basically 0.071. This quantity is essentially the probability of a positive result, given that a sick person tested positive, plus the probability of a positive result being that of a healthy person. This quantity is essentially the probability of a positive result, given that a sick person tested positive, plus the probability of a positive result being that of a healthy person. Then, the final quantity that we want to arrive at, which was the probability of a disease given positive, is the probability of a positive result given a disease, which is 0.75 multiplied by the probability of a disease, which is stated as 0.03, divided by our quantity that we just calculated, which is 0.07. This gives us a final probability of disease based on a positive result that is 31.69%."
P03,0,A bag holds three red marbles and one blue marble. One marble is drawn at random. What is the probability that it is red? Explain your reasoning.,"Okay, so the question is, a bag holds three red marbles and one blue marble, and what's the probability that the marble drawn is red as the first marble that we pick? Since there's four marbles in total, the probability that it is a red one is three out of four, because there's four in total and three at the start, like three red marbles at the start, so that's the probability. That's my reasoning."
P03,1,"A panel of psychologists interviewed 30 nurses and 70 accountants, all successful in their fields, and wrote short descriptions of each. One description has been drawn at random. Sam is warm and attentive, remembers colleagues' birthdays, and recently stayed late to comfort a distressed co-worker. What is the probability that Sam is one of the 30 nurses rather than one of the 70 accountants? Explain how you arrived at your answer.","Oh, I think there's a 30% chance that Sam is one of the 30 nurses rather than one of the 70 accountants, because the description doesn't really matter in this case, and since there is 100 participants in total, it's still a probability question, since Sam is the first participant that we choose, they can either be one of the 30 nurses or one of the 70 accountants, but since the total is 100, that's still 30 over 100, like 30 out of 100, so I'd say since the total is 100 and that's 100%, there is a 30% probability that Sam is one of the 30 nurses. And that's my response."
P03,2,"Suppose a tennis player reaches the Wimbledon final. He has to win 3 out of 5 sets to win the final. Consider two possible events. The first is that the player will win the first set. The second is that the player will win the first set but lose the match. Is one of these events more likely than the other, or are they equally likely? Explain your reasoning.","Well, these events are actually interconnected, so the second event can happen without the first event already having happened, or like, having confirmed, so I would say they have the same probability, and it doesn't really change, so I would say they're equally likely because without the first one happening, so without the player winning the first set, the second event, which is that the player will win the first set but lose the match, that can't happen without the player first winning the match. So I would say one of the events is not more likely to happen than the other, just because they are linked events, and they're equally likely because one can't happen without the other one happening."
P03,3,"A cancer test is administered to all the residents in a large city. A positive result is indicative of cancer and a negative result of no cancer. Now compare two probabilities. The first is the probability that a person has in fact cancer, supposing that they got a positive result. The second is the probability of a positive test, supposing that the person has cancer. Is one of these more likely than the other, or are they equally likely? Explain your reasoning.","Without knowing the percentage or likelihood of false negatives or false positives, you can't really say that one is more likely than the other. So I would say they're equally likely just because we don't know, I guess, the percentile of false positives, false negatives. So I would say for this question, the probability that a person has cancer and they got a positive result is just as likely that they got a positive result and they have cancer. And my reasoning is that we don't know the initial percentiles of false negatives, false positives, and real positives, real negatives. They're equally likely."
P03,4,"Two black and two white marbles are put in an urn. We pick a marble from the urn. Then, without putting it back into the urn, we pick a second marble at random. If the second marble is white, what is the probability that the first marble was white? Explain how you arrived at your answer.","Since there's four marbles in total at the start, I would say it's 50%, even though the second one is white, because they're not really, like, we shouldn't be looking at it on a linear time frame, because whatever we pick for the second one, that doesn't really change the first one. So I think the first one can still be white or black, and that's a 50% chance. So the probability that the first marble is white is still 1 out of 2, or 50%. And that was my reasoning."
P03,5,"Two dice are thrown and the product of the two numbers is 12. What is the probability that neither of the two numbers is a six, taking the order of the numbers into account? Explain how you arrived at your answer.","I mean, without any, like, either of them being a 6, the probability, or well, the only winning condition would be 4 multiplied by 3, so, yeah, 4 multiplied by 3 equals 12. Um, and for that to happen, without considering the 6s, that would be in, if I'm saying this correctly, 1 divided by 6 multiplied by 1 divided by 6, to get the total probability, and that would be 1 divided by 36. Um, so I think that's the probability that if neither of the numbers is a 6, um, that's the probability that the two dice thrown and their product is, I'm sorry. That was very convoluted. If we throw two dice, and the product of the two numbers is a 12, the probability is that it should be 1 divided by 36, because they have to be a 3 and a 4, and the order doesn't really matter, because they'd be 1 out of 6 anyway. Since there's two dice, you don't really remove a condition, so they don't really affect each other. Um, at least that's my guess and my explanation. 1 divided by 36."
P03,6,"A card is drawn from a well-shuffled standard deck and set aside face down, unseen. A second card is then drawn and shown to be an ace. What is the probability that both cards drawn are aces? Explain how you arrived at your answer.","Okay, so a standard card deck has 52 cards in it. If the first one that we shuffle it, and the first one that we draw is... Wait, I might have misread the question. Have I? No, I haven't. So we draw the first card, it's an ace, and then we draw the second card, and it's also an ace. And what's the probability that both cards draw on our aces? Because I'm just going to go out and assume that the first card that we draw, whether we see it or not, since we assume that it's an ace, it doesn't really matter. Because we're just looking at the possibility that they're both aces, and that doesn't concern us, whether we see it or not, because that's what we're assuming. The probability would be... So the first one, the probability that that's an ace is 4 divided by 52, since the total number is 52. And there are 4 aces in a standard card deck. And for the second probability, since we're setting the first card aside, that will leave us with 51 cards in total, and 3 aces in total, because we also leave 1 ace out. So that would be 3 divided by 51. And I'm multiplying them to calculate the total probability. So I'm assuming that would make 4 multiplied by 3, so 12, and 52 multiplied by 51. 2056... No, 2,652. So that's 12 divided by 2,652, which is simplified equal to 0.0045. So that's my explanation and answer. I think the probability that both cards drawn are aces is 12 divided by 2,652, or 0.0045."
P03,7,"60 percent of the population in a city are men, 40 percent women. 50 percent of the men and 25 percent of the women smoke. We select a person from the city at random. What is the probability that this person is a smoker? Explain how you arrived at your answer.","So what I started by doing is, I assumed that there's 100 people living in the city, just as like a baseline. And then I said there's 60 men and 40 women in the city. And then I looked at the percentiles. So if there's 60 men, if there has to be 50% of the men who are smokers, there are 30 men who are smokers and 30 men who are non-smokers. And looking at the women, if there's 25% of them smoking, that would give us 10 female smokers and 30 female non-smokers. So then I disregarded the gender thing altogether. I combined the smokers and non-smokers, which would give us 40 smokers in total and 60 non-smokers in total. So 40 smokers, 60 non-smokers. So that would kind of rearrange the percentiles. And that means out of 100. Like 100%, 40% of people smoke, 60% don't smoke. What's the probability that the person is a smoker? And that's 40%. And that's how I arrived at my answer. I hope it's correct."
P03,8,"A test detects a disease whose prevalence is 1 in 1000. Whenever a person has the disease, the test is positive. However, the test also has a false positive rate of 5 percent, meaning that 5 percent of healthy people also test positive. A person is selected at random, given the test, and the result is positive. What is the chance that this person actually has the disease? Explain how you arrived at your answer.","This might be an oversimplification, but I think there's a 95% chance that it is actually positive, because looking at the conditions, it says that if a person has the disease, the test is positive, and we've tested this person, it has resulted in positive. If we just take that, forget about the 1 in 1,000 thing, they've tested positive, there's a 5% chance that it's a false positive, but there's a 95% chance that it's a real positive, like a true positive. And I think the chance that this person actually has a disease is just 95%, because they have already tested positive. So I would say 95%."
P03,9,10.3 percent of women in a given city have a positive mammogram. The probability that a woman in this city has both a positive mammogram and breast cancer is 0.8 percent. A mammogram given to a woman taken at random in this population was positive. What is the probability that she actually has breast cancer? Explain how you arrived at your answer.,"I mean, once again, similar to my response to the previous question, this might be an oversimplification, but since this woman has already tested positive for, let me just re-read that, tested positive for a mammogram, it says that 10.3% of women have a positive mammogram. I feel like that's irrelevant to our answer because it just asks the probability that she actually has breast cancer, and since she's already tested positive for a mammogram and we're looking for the percentile that she tests positive plus has breast cancer, it's just given to us, so I would say 0.8%. I think that's the probability that she actually has breast cancer, and my explanation on how I arrive to that is basically, I feel like the initial number given to us is kind of given as a distraction, and it's just 0.8%. That might be wrong, but that's my explanation."
P03,10,Two machines M-1 and M-2 produce balls. Machine M-1 produces 40 percent and M-2 60 percent of balls. 5 percent of the balls produced by M-1 and 1 percent of those produced by M-2 are defective. We take a ball at random and it is defective. What is the probability that the ball was produced by machine M-1? Explain how you arrived at your answer.,I feel like the question is trying to confuse me by asking me all about like the defective stuff but we have to assume at the start that we have chosen the ball and it's already defective so we have to disregard all of the probability questions about I guess like the total is not going to be 100 the total is going to be well once again I've assumed that there's like 100 balls which is obviously not the case but that's I'm going to like oversimplify it um that doesn't really matter we're just going to consider that we are picking out from six balls since that's six percent um and I'm just going to say five divided by six so like five out of six balls that's the probability that the ball is produced by machine m1 because that's five percent of balls produced by m1 and one percent of those produced by m2 are defective so I calculated it and basically six out of 100 balls are going to be defective but since we've already classified I guess that like win condition if you can't call the win condition like that the total our new total is going to be um six so if you're looking at six balls and five of them are going to be defective because of m1 and one of them are going to be defective like one it's going to be defective due to m2 so I'm just going to say five out of six because five were defective or like initially five percent were defective by m1 um if that makes sense so five divided by six is my final answer
P03,11,"A witness sees a crime involving a taxi in a city. The witness says that the taxi is blue. It is known from previous research that witnesses are correct 80 percent of the time when making such statements. The police also know that 15 percent of the taxis in the city are blue, the other 85 percent being green. What is the probability that a blue taxi was involved in the crime? Explain how you arrived at your answer.","I think it's just going to be 80% because the question is asking us what's the probability that a blue taxi was involved in a crime and it doesn't really matter how many taxis, blue taxis are in the city. I think it depends on what the witness has said and whether they're true or not because whether there's 15% of blue taxis in the city doesn't really matter in this case. What matters is what the witness has seen and whether that's true, whether that's correct. This might be wrong, but I think since they're correct 80% of the time, there's an 80% of probability that a blue taxi was involved in a crime because the two percentiles are independent from each other. Yeah, so I guess my answer is 80% probability that a blue taxi was involved in a crime because there's an 80% chance that the witness is correct."
P03,12,"In a routine screening programme, 3 percent of the people screened have a certain disease. If a person has the disease, the probability is 75 percent that the screening test will be positive. If a person does not have the disease, the probability is 5 percent that the test will still be positive. A person from this programme has just tested positive. What is the probability that this person actually has the disease? Explain how you arrived at your answer.","Okay, so I'm once again approaching this from, like, the oversimplification way, like, from 100. So, if there is 100 people in this study, three of them actually have the disease. Up to people screened out. Yeah, they have the disease, and 79 don't have the disease. Out of the three people, 75% of people test positive. So, like, simplifying that, that's two people who test positive and one person who tests not positive. And then, out of the rest, the 97 who actually don't have the disease, 5% have false positives. So, that's five people who have false positives. And 92 who test negative, and that's a true negative. But we're looking to see if the person actually has the disease, and that's whether or not that's a false positive, whatever. We have five false positives, which is wrong. We just want to look at 2 plus 1. So, that's a probability of 3 actually has the disease. And if they've tested positive, that's 5 plus 2. That's 7. So, I think it's 3 out of 7? Or is it... I'm unsure if it's 2 out of 7. And we're just looking at the ones that have actually tested positive. Or if it's 3 out of 7, because there's also one person who has tested a false negative, and they actually have it. So, my answer would be between 2 divided by 7 and 3 divided by 7. And that's my justification. That's my explanation."
P04,0,A bag holds three red marbles and one blue marble. One marble is drawn at random. What is the probability that it is red? Explain your reasoning.,"So there's a total of four marbles, and the probability of one being red is a quarter. So the probability is 0.25. That's my answer and my reasoning."
P04,1,"A panel of psychologists interviewed 30 nurses and 70 accountants, all successful in their fields, and wrote short descriptions of each. One description has been drawn at random. Sam is warm and attentive, remembers colleagues' birthdays, and recently stayed late to comfort a distressed co-worker. What is the probability that Sam is one of the 30 nurses rather than one of the 70 accountants? Explain how you arrived at your answer.","So, the answer is 0.03, no, sorry, the answer is 0.3, because this is drawn at random from a bundle of 100 responses, and there are 30 nurse responses and 70 accountant responses, so the chance of one of them being a nurse is 30 out of 100, which is equivalent to 0.3."
P04,2,"Suppose a tennis player reaches the Wimbledon final. He has to win 3 out of 5 sets to win the final. Consider two possible events. The first is that the player will win the first set. The second is that the player will win the first set but lose the match. Is one of these events more likely than the other, or are they equally likely? Explain your reasoning.",the event that the first player will win the first set is more likely than the second event because the second event is a sub event inside the main event so the eventuality that the player will win the first set and win the match is also a sub event of the first event so in that case the first event which is the first that the player will win the first set is more likely to happen than the second event
P04,3,"A cancer test is administered to all the residents in a large city. A positive result is indicative of cancer and a negative result of no cancer. Now compare two probabilities. The first is the probability that a person has in fact cancer, supposing that they got a positive result. The second is the probability of a positive test, supposing that the person has cancer. Is one of these more likely than the other, or are they equally likely? Explain your reasoning.","I think the answer, it is, the clear answer is they may or may not be equally likely or no, more likely than the other. It comes down to the numbers. Let me explain my reasoning. So, if you take one, the event, the first event as A, that is the event that a person gets a positive result, and event B as the event that some person has a cancer. So, the first probability that you outline is probability that B given A, and the second probability that you outline is probability of A given B. So, those probabilities will give out two different probabilities, two different numerical values, so which is more likely depends on the numerical value."
P04,4,"Two black and two white marbles are put in an urn. We pick a marble from the urn. Then, without putting it back into the urn, we pick a second marble at random. If the second marble is white, what is the probability that the first marble was white? Explain how you arrived at your answer.","So, I will use, I will first tell you the event definition that I did. So, W1 means the first marble picked was white, B1 means the second marble picked was black, W2 means this, I'm not sure if I got that correctly. W1 means the first marble picked was white, B1 means the first marble picked was black, W2 means the second marble picked was white, B2 means the second marble picked was black. And we know Pw1 and Pb1 are both 0.5, because there's like two of each, and the probability of each being white or black is 0.5. So, Pw1 is 2 upon 4, which is 0.5. With that aside, we can calculate the conditional probabilities. So, Pw2 given B1 will be 2 thirds, Pw2 given W1 will be 1 third. So, those are the conditional probabilities that we will need in the Bayes' Theorem, so the Bayes' Theorem equation we will need. So, the quantity that is being asked in this question is Pw1 given Pw2. That's the representation, that's how I represented this problem as, and that equals Pw2 given Pw1 times Pw1 over Pw2. So, that's the representation. So, both Pw1, so before that, Pw2 needs to be calculated by solving the conditional probabilities, which is 0.33 times 0.5 plus 0.67 times 0.5, which gives 0.5. So, if you plug those numbers into the Bayes' Theorem equation, the numerator and denominator gets cancelled out, and Pw1 given Pw2 happens to equal to Pw2 given Pw1, which is 0.33. So, the final answer is 0.33."
P04,5,"Two dice are thrown and the product of the two numbers is 12. What is the probability that neither of the two numbers is a six, taking the order of the numbers into account? Explain how you arrived at your answer.","Alright, so we are limiting the probability space into the eventualities that D1 and D2, which I refer to as the first dice and the second dice. So D1 and D2 can only have in this probability space either 2 or 6 or 3 or 4. All other eventualities like 1 and 5 are thrown out. So in that probability space, actually, no. So that is just for the event. If we throw them out, that would mean a separate thing. So right now, let's say we define the probability D1. So the... So to rephrase the question, this asks for the eventualities. They are neither of the two numbers is a 6. So in that case, it should be either 4 or 3 in any order. So there are only two orders possible. The first is 4, second is 3, or the first is 3 and the second is 4. So the first... So the conditional probabilities for each event will be... PD3 equals... PD2 equals 3 given D1 equals 4, which will be 1 6th. And the other eventuality, the probability will be PD1... Sorry. Yeah. PD2 equals... PD2 equals... PD2 equals... PD2 equals... PD2 equals... PD2 equals... PD2 equals... PD2 equals... PD2 equals... PD2 equals... PD2 equals... 4 given PD1 equals 3. That is also 1 6th. So the cumulative probability is twice of 1 6th. That is 1 3rd. So individually for each of these, if the order is important, individually these probabilities are 1 6th. That means 0.16. But taken together, cumulative... the probabilities are twice of 1 6 that means 0.33"
P04,6,"A card is drawn from a well-shuffled standard deck and set aside face down, unseen. A second card is then drawn and shown to be an ace. What is the probability that both cards drawn are aces? Explain how you arrived at your answer.","So, let's define the events as A1, which is the probability that the first card drawn is an ace, which will be probably A1 will be 4 over 52, and I am assuming that the deck of cards has 52 cards. Then, the next event will be the second, A2 will be, the second card will be an ace, so we know that A2 given A1 will be 3 over 51, because one ace has been already taken out, and B2 given not A1, that is A1 not happening, will be 4 over 51. So, the question asked, what is the probability that the deck of cards has 52 cards? That both cards are drawn as aces, so it's asking for the intersection, the multiplication, that equals the multiplication, so we have to multiply the two probabilities to get the joint probability, that is PA2 given A1 times PA1, which is 3 over 51 times 4 over 52, which will factorically be 12 over 2652. And we'll solve to 0.004525, as it's been approximated."
P04,7,"60 percent of the population in a city are men, 40 percent women. 50 percent of the men and 25 percent of the women smoke. We select a person from the city at random. What is the probability that this person is a smoker? Explain how you arrived at your answer.","So, this is, let's present the events as M, a person being a man, W, or the M's complement being a man, a person being a woman, and S being the person being a smoker. So, that's what we are after. From the given data, we know P S given M is 0.5 and P S given W is 0.25. So, it's just a matter of finding the union. I don't know the correct terminology for that, but it will be P S equals, P S will be equal to P S given W times P W plus P S given M times P M. That will be 0.25 times 0.25. 0.4 and plus 0.5 times 0.6, which will be equal to 0.4. The final answer is 0.4."
P04,8,"A test detects a disease whose prevalence is 1 in 1000. Whenever a person has the disease, the test is positive. However, the test also has a false positive rate of 5 percent, meaning that 5 percent of healthy people also test positive. A person is selected at random, given the test, and the result is positive. What is the chance that this person actually has the disease? Explain how you arrived at your answer.","Alright, so the events we define as the person actually having the disease as D and the test being returning positive as plus for lack of a better symbol. So P D will be 0.01 and P plus given D will be 1 and P plus given not D will be 0.05. The quantity that is being asked by the question is P D given plus. So before that we know the equation. The equation based theorem. So to arrive at P D given plus will be to multiply P plus given D by P D and have it over P plus. So to calculate P plus we do P plus over D times P D plus add that to P plus given not D. So the number for P plus will be 0.049951 that will be the denominator in the base equation. So the final answer for P D given plus will be 0.02002 approximated."
P04,9,10.3 percent of women in a given city have a positive mammogram. The probability that a woman in this city has both a positive mammogram and breast cancer is 0.8 percent. A mammogram given to a woman taken at random in this population was positive. What is the probability that she actually has breast cancer? Explain how you arrived at your answer.,okay let's define the events uh uh plus again plus will use as the event that a mammogram is recently written positive c will represent a woman the selected woman as having cancer so the numbers would be b p plus will be uh 0.103 then zero uh the probability the intersection will be p uh for p1 intersection c will be 0.08 this actually asks for pc given plus which we don't need the bayes theorem equation which we just can use using the uh traditional conventional uh conditional theory equation so the numerator will be p plus and the uh sorry so the denominator will be b plus the numerator will be p plus intersection c which are actually the only two given numbers 0.08 over 0.103 giving the answer as 0.0777 approximated
P04,10,Two machines M-1 and M-2 produce balls. Machine M-1 produces 40 percent and M-2 60 percent of balls. 5 percent of the balls produced by M-1 and 1 percent of those produced by M-2 are defective. We take a ball at random and it is defective. What is the probability that the ball was produced by machine M-1? Explain how you arrived at your answer.,"All right, let's define the events as M1 being the selected ball being produced by machine 1, M2 as obviously the ball selected as being produced by machine M2, the conditional probability is d, so d is the ball selected is defective, pd given M1 is 0.05, pd given M2 is 0.01, the question asks for pM1 given d, that is by Bayes theorem we can write pd given M1 times pM1 over pd, and that gives the equation, so pd can be again written by pd given M1 times pM1. pd given M2 times pM2, all of this simplifies the answer which is pM1 given d into 0.7692."
P04,11,"A witness sees a crime involving a taxi in a city. The witness says that the taxi is blue. It is known from previous research that witnesses are correct 80 percent of the time when making such statements. The police also know that 15 percent of the taxis in the city are blue, the other 85 percent being green. What is the probability that a blue taxi was involved in the crime? Explain how you arrived at your answer.","So, let's define the events as B, the taxi involved being blue G, the taxi involved being green and C, the weakness being correct So, Pc given B and Pc given G both are 0.8 So, the quantity that we are after is Pb given C by Bayes' theorem which will be equal to Pc given B times Pb over Pc which will give 0.8 times 0.15 over 0.8 times 0.15 plus 0.8 times 0.85 or in probability space probability symbols like Pc given B times Pb in the numerator and denominator Pc in the denominator will be Pc which Pc can also be written as Pc given B times Pb plus Pc given G times Pg So, the final answer for Pb given C and the answer to the question will be 0.15"
P04,12,"In a routine screening programme, 3 percent of the people screened have a certain disease. If a person has the disease, the probability is 75 percent that the screening test will be positive. If a person does not have the disease, the probability is 5 percent that the test will still be positive. A person from this programme has just tested positive. What is the probability that this person actually has the disease? Explain how you arrived at your answer.","So let's define the events as D, capital D being the probability that a screened person has a disease, plus being the event that a person tests positive. So pD will be 0.03, p plus given D will be 0.75, p plus given not D will be 0.05. The quantity asked by the question will be, is pD given plus, so through Bayes' theorem we can write pD given plus equals p plus given D times pD over p plus. And that can... That... p plus can be written as p plus given D times pD plus, like add that p plus given D times pD, and you add to that p plus given not D times p not D. So all of this equates to 0.317, so the final answer, which is pD given plus is 0.317. Thank you."
P05,0,A bag holds three red marbles and one blue marble. One marble is drawn at random. What is the probability that it is red? Explain your reasoning.,"The answer is 3 over 4, because in total there are 4 marbles, and then if you draw 1 at random, there's 3 red marbles, so it's 3 over 4, because 4 is the total, and there's 3 red ones."
P05,1,"A panel of psychologists interviewed 30 nurses and 70 accountants, all successful in their fields, and wrote short descriptions of each. One description has been drawn at random. Sam is warm and attentive, remembers colleagues' birthdays, and recently stayed late to comfort a distressed co-worker. What is the probability that Sam is one of the 30 nurses rather than one of the 70 accountants? Explain how you arrived at your answer.","The answer should be 30 over 100, because 100 is the total number of people interviewed, and 30 is the number of nurses, so him being one of the nurses, him being drawn as one of the nurses, would be 30 over 100."
P05,2,"Suppose a tennis player reaches the Wimbledon final. He has to win 3 out of 5 sets to win the final. Consider two possible events. The first is that the player will win the first set. The second is that the player will win the first set but lose the match. Is one of these events more likely than the other, or are they equally likely? Explain your reasoning.","The probability that the player will win the first set is higher than the probability that the player will win the first set but lose the match. Because the probability of winning the first set can be split into the probability of winning the first set and losing the match. And the probability of winning the first set and winning the match. Which means that these two probabilities sum up to the probability of winning the first set. set, hence that the winning for the first set is more likely than any of the sub events."
P05,3,"A cancer test is administered to all the residents in a large city. A positive result is indicative of cancer and a negative result of no cancer. Now compare two probabilities. The first is the probability that a person has in fact cancer, supposing that they got a positive result. The second is the probability of a positive test, supposing that the person has cancer. Is one of these more likely than the other, or are they equally likely? Explain your reasoning.","Um, I think that the probability that, um, the person, uh, the probability of a positive test, given that the person has cancer, is higher than the probability that the person has cancer, given that they have a positive test, because it's the cancer that causes the positive test, uh, you can't, the cancer, uh, you don't have a positive test causing a cancer."
P05,4,"Two black and two white marbles are put in an urn. We pick a marble from the urn. Then, without putting it back into the urn, we pick a second marble at random. If the second marble is white, what is the probability that the first marble was white? Explain how you arrived at your answer.","The answer to this question is a quarter, because each time you pick a marble, it's always like a half. For example, in the first round, picking a white or black marble is a half, and then given that, to pick another white or black marble is also a half. Which means that half times a half is one quarter, because we're just going through this single branch. So we were looking at white and then white, which is a quarter. Because it's half picking white in the first chance, in the first round, and then half picking white again, given that it's white. And in the second chance, you times half, half together, and you get a quarter."
P05,5,"Two dice are thrown and the product of the two numbers is 12. What is the probability that neither of the two numbers is a six, taking the order of the numbers into account? Explain how you arrived at your answer.","So there's four combinations in total to make the product of the two numbers to be 12, with the dice. So we have 2, 6, 3, 4, 4, 3, and 6, 2. If neither of the two numbers is a 6, that leaves us with two combinations. Therefore, the probability is actually 2 over 4, or half."
P05,6,"A card is drawn from a well-shuffled standard deck and set aside face down, unseen. A second card is then drawn and shown to be an ace. What is the probability that both cards drawn are aces? Explain how you arrived at your answer.","Scott Miles has 12 over 10,000, then 92, from 4 over 52 times 3 over 51, because initially there's 4 aces in the deck of 52 cards, and then after one's drawn, you only get 3 left, and then 3 over 51, so you want to times 2 together to get 12 over 1,092."
P05,7,"60 percent of the population in a city are men, 40 percent women. 50 percent of the men and 25 percent of the women smoke. We select a person from the city at random. What is the probability that this person is a smoker? Explain how you arrived at your answer.","You got 40% or 0.4, because 50% of the 60% smoke for men, so that's 0.3 times 0.6, plus 0.4 times 0.25 gives you 0.4, because 25% or 40% smoke as well."
P05,8,"A test detects a disease whose prevalence is 1 in 1000. Whenever a person has the disease, the test is positive. However, the test also has a false positive rate of 5 percent, meaning that 5 percent of healthy people also test positive. A person is selected at random, given the test, and the result is positive. What is the chance that this person actually has the disease? Explain how you arrived at your answer.",So I got my answer as 1.96% or 0.0196. So it's really significant figures because you have 0.1% of getting the disease and testing positive and then 5% for not getting the disease are still getting test positive. So I got here as 0.1% over 0.1 plus 5% which means we would calculate 0.1% over 5.1% which gets you 0.0. 196.
P05,9,10.3 percent of women in a given city have a positive mammogram. The probability that a woman in this city has both a positive mammogram and breast cancer is 0.8 percent. A mammogram given to a woman taken at random in this population was positive. What is the probability that she actually has breast cancer? Explain how you arrived at your answer.,"So my answer is 0.0777 to 3 significant figures. I just did 0.8 divided by 10.3, because 0.8 is the probability of getting both a positive mammogram and breast cancer, and 10.3 is just the probability of a positive mammogram. So the actual probability of getting breast cancer, well, sort of given a positive mammogram, right, is 0.8. Divide by 10.3, which gives you 0.0777 to 3 significant figures."
P05,10,Two machines M-1 and M-2 produce balls. Machine M-1 produces 40 percent and M-2 60 percent of balls. 5 percent of the balls produced by M-1 and 1 percent of those produced by M-2 are defective. We take a ball at random and it is defective. What is the probability that the ball was produced by machine M-1? Explain how you arrived at your answer.,"So my final answer is 0.065. So it first calculates the probability that it's defective, which is 40% times 5% plus 6% times 1%, which gives you 0.026, and then you did do 0.026 divided by 0.4, which is the amount of balls that M1 produced. So 0.026 over 0.4 is 0.065."
P05,11,"A witness sees a crime involving a taxi in a city. The witness says that the taxi is blue. It is known from previous research that witnesses are correct 80 percent of the time when making such statements. The police also know that 15 percent of the taxis in the city are blue, the other 85 percent being green. What is the probability that a blue taxi was involved in the crime? Explain how you arrived at your answer.","So I got the answer as 0.29. I did 0.8 times 0.15, which is the probability of getting right and being a green taxi, plus 0.2 times 0.85, which is the probability of getting it wrong, and then saying it's a green taxi. So I got 0.29 as the answer."
P05,12,"In a routine screening programme, 3 percent of the people screened have a certain disease. If a person has the disease, the probability is 75 percent that the screening test will be positive. If a person does not have the disease, the probability is 5 percent that the test will still be positive. A person from this programme has just tested positive. What is the probability that this person actually has the disease? Explain how you arrived at your answer.","So my answer is 0.317, so what I did was 3% times 75%, so 3% is the people screened getting a certain disease and then 75% is the probability of someone testing positive given they have the disease and all over the probability that they will test positive which I got as 3% times 75% plus 95% plus 5% so together we get 3% times 75% over 710% which I got as 0.317"
P06,0,A bag holds three red marbles and one blue marble. One marble is drawn at random. What is the probability that it is red? Explain your reasoning.,"So there are four marbles in the bag overall, and if we draw one at random, the chances that it is red is three quarters, because there are three red marbles and one blue marble in the bag."
P06,1,"A panel of psychologists interviewed 30 nurses and 70 accountants, all successful in their fields, and wrote short descriptions of each. One description has been drawn at random. Sam is warm and attentive, remembers colleagues' birthdays, and recently stayed late to comfort a distressed co-worker. What is the probability that Sam is one of the 30 nurses rather than one of the 70 accountants? Explain how you arrived at your answer.","The probability is three-tenths, I believe, because there are a hundred professionals overall. So chances of randomly drawing a nurse is 30 over 100 or 3 over 10. And then we're also given a bunch of descriptions about Sam as a person. But that has absolutely nothing to do with the amount of people being nurses and accountants. That's just a confounding description. So I believe it's three over 10."
P06,2,"Suppose a tennis player reaches the Wimbledon final. He has to win 3 out of 5 sets to win the final. Consider two possible events. The first is that the player will win the first set. The second is that the player will win the first set but lose the match. Is one of these events more likely than the other, or are they equally likely? Explain your reasoning.","So I think one important assumption for this one is that the probability of winning a set is 50-50 for each player and that winning a set previously doesn't affect one's chances in any way of winning a subsequent set. So I do not think that the two described probabilities are equal I think it is more likely to win the first set, that the first player will win the first set over the fact that the player will win the first set but then lose the match. The reason is, so I think the probability for winning the first set as I just kind of elaborated on I will assume to be exactly 50% and then for the second scenario the probability of winning the first set is 50% but the probabilities, as I mentioned, I don't think they will change just because the player won a previous set so there's no momentum or anything to be factored in. So regardless of the first player winning the first set then we have five sets left essentially and the probability of winning each of them is always 50-50 essentially. So what that means is that like how can I say like there's four sets left and it's 50-50 but given that the first player already won the first set in this scenario the first player would then also win the game. So for the other player to actually win the game despite the fact that the first player won the first set the probability needs to be like lower than 50% essentially. So I think chances of the latter described scenario are lower than of the first."
P06,3,"A cancer test is administered to all the residents in a large city. A positive result is indicative of cancer and a negative result of no cancer. Now compare two probabilities. The first is the probability that a person has in fact cancer, supposing that they got a positive result. The second is the probability of a positive test, supposing that the person has cancer. Is one of these more likely than the other, or are they equally likely? Explain your reasoning.","I don't think there is a, like, deterministic answer to this, actually, without further assumptions, because basically the question will depend on the underlying probability or prevalence of cancer in the population of the residents in the large city, and it will also depend on how accurate these tests are, so, like, essentially, like, true positives, false positives, true negatives, false negatives, the usual matrix, it will depend on how good the tests are at actually, it's essentially a precision and recall question of how good the tests are at actually predicting true underlying cancer prevalence. So, yeah. So, I don't think this one is actually possible to answer. I think if I had to give an answer, the sentence where you say that a positive result is indicative of cancer and a negative result of no cancer tends to kind of push me in the direction that if you have a positive test result, that the probability that you actually have cancer is quite high. So, if I was forced to give a question, I would probably say that the probability that we put this probability over the likelihood of getting a positive result, but, I mean, it's confounded in there as kind of an underlying assumption that the probability, like, the prevalence of cancer is lower than the, like, almost correlation, let's say, of getting a positive result and actually having cancer."
P06,4,"Two black and two white marbles are put in an urn. We pick a marble from the urn. Then, without putting it back into the urn, we pick a second marble at random. If the second marble is white, what is the probability that the first marble was white? Explain how you arrived at your answer.","I think the answer is one third, and I solved this by literally drawing the marbles and drawing kind of the decision trees. I might have made a mistake with Bayes' theorem, but I think there's two scenarios, both with equal probability. So kind of two trees. One will be that we first draw a white marble with 50% likelihood, and the other that we draw first a black marble with 50% likelihood. In the first scenario, we will have left in the urn two black marbles and one white marble. And in the other scenario, we have one black marble and two white ones. Maybe I just mixed that up, but essentially, of course, we have two of the ones we didn't pick left. And then we have three cases where on the second pick, we pick a white marble. Essentially, one or like two of them are essentially where we first picked a black marble. So the remaining possibility is one third for each of these scenarios, essentially. So we multiply these two probabilities with the initial of picking a black marble and we get one sixth for both of these scenarios. And we have the other scenario where we first pick a black marble. We first pick a white one at 50% chance. And then we have a probability of a third of picking the remaining white one as well. And we multiply those two with each other and we get the sixth again. So overall, we have three scenarios that have one sixth probability of picking a white marble on the second turn. And now we can do this. And now we can simply like infer that we can compare what was the first marble in each of these scenarios. And in one of them, essentially, the first marble was a white one. So if we weight them, we have essentially one sixth over three sixth, which gets us to one third."
P06,5,"Two dice are thrown and the product of the two numbers is 12. What is the probability that neither of the two numbers is a six, taking the order of the numbers into account? Explain how you arrived at your answer.","I think the answer is 1 18th. I'm not sure how to process the taking the order of the numbers into account, but anyways, I think the answer is 1 18th, because we have two dice, which have like six like surfaces, essentially. So, they have the numbers 1 to 6 on them, at least on the dice that I've seen. So, we have two of them, and that means we have both of them are equivalent. So, we have 6 to the power of 2, which is 36 possibilities. And now there are only two configurations between the two where we don't have a 6 and the product gives us 12, which is a 3 on the first dice and a 4 on the second. Or 4 on the first dice and then 3 on the second. So, 2 out of 36 possibilities will yield or will meet the conditions set. That is 2 over 36, which is 1 over 18."
P06,6,"A card is drawn from a well-shuffled standard deck and set aside face down, unseen. A second card is then drawn and shown to be an ace. What is the probability that both cards drawn are aces? Explain how you arrived at your answer.","So again, the question doesn't really specify the type of card set, but at least by standard deck what I think it means is That there are 52 cards in there with four different colors or types of cards, whatever you want to call them We start with again. This is just the decks I know With four aces in a set of 52 So drawing one of them is like and the one we put down chances are probability is four over 52 and then subsequently this means we have three aces left in the deck and 51 cards left in the deck because we just put one down And the chances that both are an ace are these two multiplied with each other So we have four over 52 times three over 51 and this leaves us at a probability of one over 221"
P06,7,"60 percent of the population in a city are men, 40 percent women. 50 percent of the men and 25 percent of the women smoke. We select a person from the city at random. What is the probability that this person is a smoker? Explain how you arrived at your answer.","So the answer is 0.4. We have 60% men, of which 50% smoke. So that is 0.3%, not percent, just 0.3 probability, kind of, of smokers that are men. And we have 40% women, of which 25% smoke, so that is 0.1. So if we take these two together, the overall share of people smoking is 0.4."
P06,8,"A test detects a disease whose prevalence is 1 in 1000. Whenever a person has the disease, the test is positive. However, the test also has a false positive rate of 5 percent, meaning that 5 percent of healthy people also test positive. A person is selected at random, given the test, and the result is positive. What is the chance that this person actually has the disease? Explain how you arrived at your answer.","I think the answer is 0.95%. The prevalence of the disease doesn't actually matter, I believe, to answer the question. We know we have false positives of 5%, and that everyone who actually, and anyone, like, sorry, the explanation was confusing. I still think it's 0.95%, because essentially all we need to know is a person gets a positive test, and, like, 5 in 100 people, if they get a test, will be diagnosed incorrectly. That means that the remaining 95% of people, or the remaining 95 people who are tested actually do have the disease. So if you get the positive test, your chance is essentially 0.95% that you actually have this disease."
P06,9,10.3 percent of women in a given city have a positive mammogram. The probability that a woman in this city has both a positive mammogram and breast cancer is 0.8 percent. A mammogram given to a woman taken at random in this population was positive. What is the probability that she actually has breast cancer? Explain how you arrived at your answer.,I think the answer is 8 divided by 103 because what we're given is essentially the probability that someone or that woman has a positive mammogram which is 10.3 percent and we're given the I'm not sure what's the the correct English term but kind of the combined probability that someone has a positive mammogram and actually has cancer which is 0.8 percent but to arrive at the 0.8 percent what you do is you multiply the probabilities of someone having a positive mammogram and someone having cancer with each other I believe if I remember Bayes theorem correctly so essentially to get the probability of someone having cancer you divide the joint probability which is 0.8 percent by the probability of a positive mammogram which is 10.3 percent so that gives us 8 divided by 103
P06,10,Two machines M-1 and M-2 produce balls. Machine M-1 produces 40 percent and M-2 60 percent of balls. 5 percent of the balls produced by M-1 and 1 percent of those produced by M-2 are defective. We take a ball at random and it is defective. What is the probability that the ball was produced by machine M-1? Explain how you arrived at your answer.,"I believe the answer is 10 divided by 13, because it is easiest to maybe first think of the whole, the share of the overall population of defect balls, or what is it, yes balls, and how they, how it consists of like the different machines. So let's think of the machines contributing defect balls. So that's like 5% for machine 1, and overall machine 1 produces 40% of balls. So we have 0.4 times 0.05, like kind of contribution to the probability from machine 1 of defect balls. Same for M2, it produces 60% of balls with a 1% defect rate, so its contribution will be 0.6 times 0.01. And now those are essentially the two contributions. So that's like 5% for machine 1, and overall machine 1 produces 40% of balls. So that's like 5% for machine 2, and overall machine 1 produces 40% of balls. And now those are essentially the two contributions. And now those are essentially the two contributions. And now those are essentially the two contributions. And now those are essentially the two contributions. And now we just, so we can sum these numbers up, and now simply the question is what is the contribution by M1, which is again the 0.4 times 0.05, and we just divide this over the overall share of faulty, or what is it, defective balls that we just calculated before."
P06,11,"A witness sees a crime involving a taxi in a city. The witness says that the taxi is blue. It is known from previous research that witnesses are correct 80 percent of the time when making such statements. The police also know that 15 percent of the taxis in the city are blue, the other 85 percent being green. What is the probability that a blue taxi was involved in the crime? Explain how you arrived at your answer.","I believe the response is 3 divided by 25, because the witness claims the taxi was blue, and we know for a fact that 15% of taxis are actually blue. But now we know that actually 20% of the times the witness is wrong about this, so only in 80%, wait, let me reconsider that, yeah, no, essentially, so like only in, so generally there's 15% blue taxis that could have been like involved in the crime overall. And now the witness claims that it was blue, but we know they only ride 18% of times. So we multiply the 0.15 with 0.8 to arrive at 3. The over 25."
P06,12,"In a routine screening programme, 3 percent of the people screened have a certain disease. If a person has the disease, the probability is 75 percent that the screening test will be positive. If a person does not have the disease, the probability is 5 percent that the test will still be positive. A person from this programme has just tested positive. What is the probability that this person actually has the disease? Explain how you arrived at your answer.","I believe the answer is 15 divided by 16. I might be misremembering Bayes' theorem, but I think in this case, we actually don't care about the 3% of people screened that have a certain disease, because we start with the fact that the person has a positive test. And what we know is that the people who have positive tests, they will essentially split into two positives, 75%, false positives, 5%, and then 20% true negatives and false negatives, which we do not care about. But we already know they're in the 80% bucket that have a positive test. And now the share of these within this bucket of having a positive test is essentially 75 over 80. They actually have the disease, whereas 5 over 80 will not have the disease. So it's 75 divided by 80, which is 15 over 16."
P07,0,A bag holds three red marbles and one blue marble. One marble is drawn at random. What is the probability that it is red? Explain your reasoning.,okay so we have four marbles in the bag and three of them are red and one of them are blue so if we draw one at random so the probability it is red is that 3 divided by 4 and it is 75%
P07,1,"A panel of psychologists interviewed 30 nurses and 70 accountants, all successful in their fields, and wrote short descriptions of each. One description has been drawn at random. Sam is warm and attentive, remembers colleagues' birthdays, and recently stayed late to comfort a distressed co-worker. What is the probability that Sam is one of the 30 nurses rather than one of the 70 accountants? Explain how you arrived at your answer.","There are 100 descriptions in the panel, and there are 30 nurses and 70 accountants, so the probability, and then they draw randomly one description. So the probability that a random description is a nurse is 30 divided by 100, and it is 30%."
P07,2,"Suppose a tennis player reaches the Wimbledon final. He has to win 3 out of 5 sets to win the final. Consider two possible events. The first is that the player will win the first set. The second is that the player will win the first set but lose the match. Is one of these events more likely than the other, or are they equally likely? Explain your reasoning.","So, according to problem, let's call the event that the player wins the match is win. So, the probability of he wins should be B win, and the probability that he lose would be B lose. So, for each set, we call the event that he wins each set is according to A, B, C, D, E. So, for example, if he wins the first set, the event happened would be A. So, the probability of that event happened would be B, A. So, it is similar to B, C, D, E. So, here, the event happens. So, the event that the player wins the first set but loses the match would be B, A, given, lose. And according to Bayes' theorem, it's equal to B, lose, given, A, and multiplied by B, A, and all of them are divided by B, lose. And... The probability of he lose the match, given that he won the first set, is always less than the probability that he lose the match. So, B, lose, given, A, divided by B, lose, is always less than 1. So, the probability that B, A, given, lose is always less than 1. be P, A. So, finally, the probability that the player wins the first set, but lose the match will be less than the probability that the player wins the first set."
P07,3,"A cancer test is administered to all the residents in a large city. A positive result is indicative of cancer and a negative result of no cancer. Now compare two probabilities. The first is the probability that a person has in fact cancer, supposing that they got a positive result. The second is the probability of a positive test, supposing that the person has cancer. Is one of these more likely than the other, or are they equally likely? Explain your reasoning.","So here, we have to compare the two probabilities. The first one is p of cancer given positive. And the second one is p of positive given cancer. And according to Bayes' theorem, we can convert the first one to p of cancer given positive is equal to p of positive given cancer minus multiplied with p of cancer divided by p of positive. And because we don't know what the probability of cancer is and the probability of positive results, so we cannot compare the two different probabilities at the beginning. So we cannot compare. The two probabilities, the probability of cancer given positive results and the probability of positive results given that the person is actually cancer."
P07,4,"Two black and two white marbles are put in an urn. We pick a marble from the urn. Then, without putting it back into the urn, we pick a second marble at random. If the second marble is white, what is the probability that the first marble was white? Explain how you arrived at your answer.","So in this problem, we have to calculate the probability of the first marble was white given that the second marble is white so according to Bayes' theorem we can write down like P w1 given w2 is equal to a fraction, so the numerator will be P of w2 given w1 multiplied with P w1 and the denominator will be a combination of the first one is P w2 given w1 multiplied with P w1 and it plus P w2 given the opposite of w1 and multiplied with P w1 opposite So to calculate each part of this fraction we can calculate like this. So the probability of the first marble is white is 50% because there was four marbles in the urn in the urn and the probability of drawing one white marble is 50% because each of them have two marbles like two black marbles and two white ones so next the P of w2 given w1 is So if the first marble was white so the probability of the second marble is white if the first one was white, there are only three marbles left in the urn and two of them are black and one of them are white So the probability of the second marble is white given that the first one was white is one-third so similar to that if the probability of the first marble was not white is 50% because there are two black marbles and two white marbles in the urn Before we pick the first one. So the probability of picking the black one is 50% So next I will calculate the P w2 given the opposite of w1 so if the first marble was not white so there are three marbles left in the urn and it can be two white marbles and one black marble and so the probability of drawing one white marble in in that case is 2 3rd so we plug the number into the fraction so in the numerator we have 1 3rd multiplied with the 50% and in the denominator we have 1 3rd multiplied with 50% plus 2 3rd multiplied with 50% so from that we'll have a final result which is 1 3rd so the the probability of the marble was white, given that the second marble is white, it is 1 third or 33.33%."
P07,5,"Two dice are thrown and the product of the two numbers is 12. What is the probability that neither of the two numbers is a six, taking the order of the numbers into account? Explain how you arrived at your answer.","So, in this problem, let's call the number of the first die is A and the number of the second die is B. So, the product of the two numbers is 12 and neither of the two numbers is 6. So, it could only be A is 3 and B is 4 or A is 4 and B is 3. So, the probability that neither of the two numbers is 6 and the product of the two numbers is 12 is equal to P A equal to 3 multiplied with P of B equal to 4 plus probability P of A equal to 4 multiplied with P of B equal to 4 is equal to 3 and plug in the number in so each number of the dice will have the probability of 1 6. So, the final equation would be the probability we want to find is equal to 1 6 multiplied with 1 6 plus 1 6 multiplied with 1 6. So, the final result would be 1 18th. So, 1 divided by 18. So, it's approximately equal to 5.56%."
P07,6,"A card is drawn from a well-shuffled standard deck and set aside face down, unseen. A second card is then drawn and shown to be an ace. What is the probability that both cards drawn are aces? Explain how you arrived at your answer.","So, in this problem, we have to calculate the probability of the first card is A, given the second card is A. So, according to Bayes' theorem, we can write down like P of A1 given A2 is equal to a fraction. So, the numerator will be P of A2 given A1 multiplied with P of A1. And the denominator will be P of A2 given A1 multiplied with P of A1. And plus P of A1 given the opposite of A1. Oh no, it's P of A2. P of A2 given the opposite of A1 and multiplied with P of opposite of A1. So, to calculate each part of this, so the probability of the first card is A is 1 of 13. Because there are 13 different type cards and A is one of them. And the probability of the second. That is, the second card is A is, given the first card is A is 3 divided by 51. Because there are only 51 cards left in the deck. There are only 51 cards left in the deck. And there are only 3 A's left in the deck. And the probability of drawing 1 A's from that deck is 3 divided by 51. So, the next part is probability of the first card is not A's. It is 12 divided by 13. Because there are 13 different type cards and the probability of it is not an A's is 12. So, the second. The next. There's, the next part I have to calculate is the probability of the second card is A's and the first card is not A's. So it would be 4 divided by 51. Because there's only 51 cards left in the deck and there are 4 A's in that deck and this is half a card. The probability of the second card is 2 cut. the probability will be 4 divided by 51 so the plug the number into the equation into the fraction so we have on the numerator we have 3 divided by 51 multiplied with 1 divided by 13 and the denominator we have 3 divided by 51 multiplied with 1 divided by 13 plus 4 divided by 51 multiplied with 12 divided by 13 and it's equal to 1 divided by 17 so the probability of that event would be approximately 5.88 percent"
P07,7,"60 percent of the population in a city are men, 40 percent women. 50 percent of the men and 25 percent of the women smoke. We select a person from the city at random. What is the probability that this person is a smoker? Explain how you arrived at your answer.","Okay, so let's assume the city has 100 people, and 60 of them are men, and 40 of them are women. So 50% of the men are smokers, so there will be half of the men are smokers. So it will be 60 divided 60 multiplied with 50%, and it will be 30 men who are smokers. So similar to that, there are 40 women, and 25% of them are smokers, so there will be 10 women who are smokers in the city. So from that, in the city, we'll have... 40 smokers in the city. So if we select a random person from the city, so we'll have 40%. So the probability that the person is a smoker is 40%, because there are 30 men and 10 women who are smokers in the city over 100%. So if we select a random person from the city, so there are 30 men and 10 women who are smokers in the city over 100%. So if we select a random person from the city, so there are 30 men and 10 women who are smokers in the city over 100%. So the probability will be 40%."
P07,8,"A test detects a disease whose prevalence is 1 in 1000. Whenever a person has the disease, the test is positive. However, the test also has a false positive rate of 5 percent, meaning that 5 percent of healthy people also test positive. A person is selected at random, given the test, and the result is positive. What is the chance that this person actually has the disease? Explain how you arrived at your answer.","So in this problem, we have to calculate the probability of the person actually has a DZ given the result is positive. According to the Bayes theorem, we can write it down as P of DZ given positive equal to P of positive given DZ multiplies with the probability of DZ, and the denominator will be P of positive given DZ multiplied with P of DZ plus P of positive given not DZ multiplied with P of not DZ. So according to the data, the probability of DZ prevalence is 1 over 1 divided by 1000, 1 in 1000. And the probability of positive given DZ is 100%, so it is 1. So the false positive rate is 5%, so the P of positive given DZ, given positive is 5%, and the P of positive is 5%. So the P of positive is 5%, so the P of positive is 5%, and the P of positive is 5%. disease is 5% and probability of not disease would be 999 divided by 1000 so plug in the number we have on the numerator will be 1 divided by 1000 and multiply with 1 and the denominator will be 1 multiply with 1 divided by 1000 plus 5% multiply with 999 divided by 1000 and the number will be so the number will be approximately 1.96% so that is the probability that the person actually has a disease even the result is positive"
P07,9,10.3 percent of women in a given city have a positive mammogram. The probability that a woman in this city has both a positive mammogram and breast cancer is 0.8 percent. A mammogram given to a woman taken at random in this population was positive. What is the probability that she actually has breast cancer? Explain how you arrived at your answer.,"So in this problem, we have to calculate the probability of a woman that have breast cancer given that the positive mammogram. So, according to Bayes' theorem, we can write it down like P of cancer given positive is equal to P of positive given cancer multiplied with P of cancer divided by P of positive. So, there are 10.3% of women in the city have positive mammogram. So, P of positive will be 10.3%. So, the probability of a woman that have both a positive mammogram and breast cancer is 0.8%. So, it will be the numerator of the fraction. So, from that, we can calculate the probability of... The probability of... Of that woman who get positive mammogram that have breast cancer will be 0.8 divided by 10.3%. And this will equal to 7.76%."
P07,10,Two machines M-1 and M-2 produce balls. Machine M-1 produces 40 percent and M-2 60 percent of balls. 5 percent of the balls produced by M-1 and 1 percent of those produced by M-2 are defective. We take a ball at random and it is defective. What is the probability that the ball was produced by machine M-1? Explain how you arrived at your answer.,"So in this problem, we have to calculate the probability of a ball is defective. So we have to calculate the probability of the ball was manufactured, was produced by machine 1, given that it is defective. So according to Bayes' theorem, we can write down as p given d is equal to p given m multiplied with p . And in the denominator, we have p given m multiplied with p plus p given m2 multiplied with p . So from the data we have, p will be the probability of the ball produced by machine 1. And this is equal to 40%. And p is 5%, which means the defective probability of machine 1. And in the denominator, we have a probability of machine 1. And in the denominator, we have a probability of machine 1. So the probability of the ball produced by machine 1 will be 60%. So p will be 60%. And p is 1%. So to plug the number in, we have on the numerator, we have 5% multiplied with 40%. And in the denominator, we have 5% multiplied with 40%. And in the denominator, we have 5% multiplied with 40%. Plus 1% multiplied with 60%. And the final result will be 10 divided by 13. And it's equal to 76.92%. So the probability we have to find is 76.92%."
P07,11,"A witness sees a crime involving a taxi in a city. The witness says that the taxi is blue. It is known from previous research that witnesses are correct 80 percent of the time when making such statements. The police also know that 15 percent of the taxis in the city are blue, the other 85 percent being green. What is the probability that a blue taxi was involved in the crime? Explain how you arrived at your answer.","So in this problem, we have to calculate the probability of a blue taxi that was involved in the cram. So according to Bayes' theorem, we can write it down like probability of blue given in cram is equal to p of cram given blue multiplied with p of blue. And the denominator will be p of cram given blue multiplied with p of blue plus p of cram given green multiplied with p of green. And the final number, and we can plug in the number. So the probability of a blue taxi is 15%. And the probability of a blue taxi is 15%. And the probability of a blue taxi is 15%. And the probability of the cram, which is blue, is 80%. And the probability of green taxis will be 55%. And the probability of the cram that is green is 20%. So we can calculate when we plug in the number into the equation. And the final number, and we can plug in the number into the equation. And the final number, and we can plug in the number into the equation. And the final number, and we can plug in the number into the equation. And the final number, and we can plug in the number into the equation. And the final number, and we can plug in the number into the equation. And the final number, and we can plug in the number into the equation. And the final number, and we can plug in the number into the equation. And the final number, and we can plug in the number into the equation. And the final number, and we can plug in the number into the equation. And the final number, and we can plug in the number into the equation. And the final number, and we can plug in the number into the equation. And the final number, and we can plug in the number into the equation. And the final number, and we can plug in the number into the equation. and it's approximately 41.38% such as the probability."
P07,12,"In a routine screening programme, 3 percent of the people screened have a certain disease. If a person has the disease, the probability is 75 percent that the screening test will be positive. If a person does not have the disease, the probability is 5 percent that the test will still be positive. A person from this programme has just tested positive. What is the probability that this person actually has the disease? Explain how you arrived at your answer.","So, in this problem, we have to calculate the probability that a person actually has a disease given that it has a positive test result. So, according to Bayes' theorem, we can calculate like P of disease given positive result. And this is equal to P of positive given disease multiplied with P of disease. And the denominator will be P of positive given disease multiplied with P of disease plus P of positive given not disease and multiplied with P of not disease. And according to the data, we have... The P of positive that positive result that actually have the disease is 75%. And the probability of disease will be 3%. So, BD is equal to 3%. And the probability of positive result but not have disease is 5%. So, P of positive given not disease is 5%. And the P of positive given not disease is 5%. And the P of positive given not disease is 5%. And the probability of not disease is 97%. So, plug the number in, we have the numerator will be 75% multiplied with 3% divided by 75% multiplied with 3% plus 5% multiplied with 97%. So, plug the number in, we have the numerator will be 75% multiplied with 3% divided by 75% and the final number will be approximately 31.69%. That's the final probability that we need."
P08,0,A bag holds three red marbles and one blue marble. One marble is drawn at random. What is the probability that it is red? Explain your reasoning.,"There are four marbles in the bag, three of them are red, so three out of four marbles are red. So the probability is three out of four or 0.75."
P08,1,"A panel of psychologists interviewed 30 nurses and 70 accountants, all successful in their fields, and wrote short descriptions of each. One description has been drawn at random. Sam is warm and attentive, remembers colleagues' birthdays, and recently stayed late to comfort a distressed co-worker. What is the probability that Sam is one of the 30 nurses rather than one of the 70 accountants? Explain how you arrived at your answer.","I would say the probability is 30 out of 100, so 30%. I have prior knowledge that the nurses are probably more likely to meet that description. That's kind of my own knowledge from outside of this, but I haven't got any quantitative explanation to say one or the other, and how much more likely a nurse is to be based on that description or not. So I would stick with my 30 out of 100, because I can't quantify the prior knowledge."
P08,2,"Suppose a tennis player reaches the Wimbledon final. He has to win 3 out of 5 sets to win the final. Consider two possible events. The first is that the player will win the first set. The second is that the player will win the first set but lose the match. Is one of these events more likely than the other, or are they equally likely? Explain your reasoning.","I would say that it's more likely that the player would win the first set than the second possible event. But I've had to make some assumptions. I guess the first assumption is that every set has the same probability of that player winning it, which may not be particularly true. In fitness, they might be less likely to win the last set than the first set, for example. There are a number of other reasons as well. So I've made some assumptions, but making that assumption that each set has the same probability of being won by the player, then I would go with the first event is more likely to be true."
P08,3,"A cancer test is administered to all the residents in a large city. A positive result is indicative of cancer and a negative result of no cancer. Now compare two probabilities. The first is the probability that a person has in fact cancer, supposing that they got a positive result. The second is the probability of a positive test, supposing that the person has cancer. Is one of these more likely than the other, or are they equally likely? Explain your reasoning.","They have different probabilities, depending on the way the test works. The reasoning is the test will have a false positive rate and a false negative rate, and they will be different. So the first probability is that they've got cancer, given that they've had a positive result. So given they've had a positive result, it's the probability of the test having a true positive. Whereas the other eventuality is what's the probability of a positive test, given that the person has cancer. It's measuring a different thing. The prior is different."
P08,4,"Two black and two white marbles are put in an urn. We pick a marble from the urn. Then, without putting it back into the urn, we pick a second marble at random. If the second marble is white, what is the probability that the first marble was white? Explain how you arrived at your answer.","So given the second marble was white, that means that there were three alternative marbles to be picked in the first round. And we know that given the second one was white, that means the three marbles from the first round were two black and one white. Therefore, the probability of the first one being white is one out of three."
P08,5,"Two dice are thrown and the product of the two numbers is 12. What is the probability that neither of the two numbers is a six, taking the order of the numbers into account? Explain how you arrived at your answer.","There are four ways you can get 12 from two dices. The first is if the first dice is a 2 and the second dice is a 6. The second is the first dice is a 3, the second is a 4. The third way is for the first dice is a 4 and the second dice is a 3 and the fourth way is the first dice is a 6 and the second is a 2. So that's four different ways you could do it. Out of those four, two of those options have one of the dices as a 6. So the answer is 2 out of 4, which is 1 out of 2, so a probability of 50%. And that's given that the key assumption in there is that the product of the two numbers is a 12. That's your key prior."
P08,6,"A card is drawn from a well-shuffled standard deck and set aside face down, unseen. A second card is then drawn and shown to be an ace. What is the probability that both cards drawn are aces? Explain how you arrived at your answer.","Given that the second card is an ace, that means that there are three cards left in the deck that could have been placed face-down out of a possible 51 cards. So the probability is 3 out of 51, or 1 over 17."
P08,7,"60 percent of the population in a city are men, 40 percent women. 50 percent of the men and 25 percent of the women smoke. We select a person from the city at random. What is the probability that this person is a smoker? Explain how you arrived at your answer.","The probability is 40%, so 60% of the population in the city are men, and of them, 50% smoke, so that means of 100 people in the city, 30 of them smoke. And for women, 40% are women, and 25% of the smoke, so out of 100 people total, 10 would smoke. So 30 out of 100 from the men, and 10 out of 40 of the women smoke, so 30 plus 10 is 40, 40% overall."
P08,8,"A test detects a disease whose prevalence is 1 in 1000. Whenever a person has the disease, the test is positive. However, the test also has a false positive rate of 5 percent, meaning that 5 percent of healthy people also test positive. A person is selected at random, given the test, and the result is positive. What is the chance that this person actually has the disease? Explain how you arrived at your answer.","So my answer is two percent. And the reason for that is if you take a thousand people, we know that one in a thousand of them will have the disease. So that's of a thousand people, one has the disease. Of the remaining 999 people, we know that the test would give them a false positive rate of five percent. So we know that if you take five percent of 999, you get forty nine point nine five. So we know and about nine hundred and forty nine people that aren't positive. If you then given that we know that they're positive, we know that of the ones that are positive, you've got the one that actually has it out of a thousand people. You've got the one that actually have it and the forty nine point nine five that don't that don't that are healthy. So your percentage is one. Divide. Divide by the total, which is one over fifty point nine five, which is two percent."
P08,9,10.3 percent of women in a given city have a positive mammogram. The probability that a woman in this city has both a positive mammogram and breast cancer is 0.8 percent. A mammogram given to a woman taken at random in this population was positive. What is the probability that she actually has breast cancer? Explain how you arrived at your answer.,"So, my answer is 0.078%, and that's because the probability of her having cancer, given the mammogram, is the probability of her having cancer and the mammogram, divided by the probability of the mammogram being positive, so it's 0.8 divided by 10.3, which is 0.078."
P08,10,Two machines M-1 and M-2 produce balls. Machine M-1 produces 40 percent and M-2 60 percent of balls. 5 percent of the balls produced by M-1 and 1 percent of those produced by M-2 are defective. We take a ball at random and it is defective. What is the probability that the ball was produced by machine M-1? Explain how you arrived at your answer.,"My answer is 77%. So if you take 100 balls that are being produced, M1 will have produced 40 of them, and M2 would have produced 60 of them. Of the 40 that M1 produced, 5% are defective, so that means 2 of the 100 are defective, and 38 that M1 had produced are not. Similarly, for M2, of the 60 balls that are being produced, 1% are defective, so 0.6 would be defective, and 59.4 would not. Given we know that 1 is defective, we're only looking at the defective ones, so that's 2 from M1 and 0.6 from M2. Add those together, there's 2.6 total. The 2 from M1 divided by the 2.6 is 77%."
P08,11,"A witness sees a crime involving a taxi in a city. The witness says that the taxi is blue. It is known from previous research that witnesses are correct 80 percent of the time when making such statements. The police also know that 15 percent of the taxis in the city are blue, the other 85 percent being green. What is the probability that a blue taxi was involved in the crime? Explain how you arrived at your answer.",I'm struggling to remember Bay's rule but I think I would say it is a we know that I think witnesses being correct 80% of the time is going to be reduced by the prior information but only 15% of the taxis in the city are blue so given we know the overall probability is going to reduce it would suggest that it is 80 times point so 80% times 15% which is 12% chance that the witness is correct that it is a blue taxi so my answer is 12%
P08,12,"In a routine screening programme, 3 percent of the people screened have a certain disease. If a person has the disease, the probability is 75 percent that the screening test will be positive. If a person does not have the disease, the probability is 5 percent that the test will still be positive. A person from this programme has just tested positive. What is the probability that this person actually has the disease? Explain how you arrived at your answer.","So my answer is 31.7% and my reasoning is this, so of 100 people that are screened we know 3% of them will have the disease and 97% won't. So looking at the ones of the 3% that do have the disease we know that 75% of those will have a positive test, so we know that 2.25% of people that are screened will have a positive test and have the disease and the other of the 97% screened will not have the disease and of them, 5% of them will have a positive test so these 4.85% of people in that category will have a positive test. So those two categories of people having a positive test the total is 2.25% plus 4.85% and so and then if you do 2.25% to 4.85% you'll get 4.85% then you'll find that 95% of those people who have a positive test divided by 2.25 plus 4.85, you get 31.7%."
P10,0,A bag holds three red marbles and one blue marble. One marble is drawn at random. What is the probability that it is red? Explain your reasoning.,"Okay, so we have three marbles and one blue one overall we have four in total. So one fourth is the probability"
P10,1,"A panel of psychologists interviewed 30 nurses and 70 accountants, all successful in their fields, and wrote short descriptions of each. One description has been drawn at random. Sam is warm and attentive, remembers colleagues' birthdays, and recently stayed late to comfort a distressed co-worker. What is the probability that Sam is one of the 30 nurses rather than one of the 70 accountants? Explain how you arrived at your answer.","If we take into account and look only at the numbers that we have, I'm not making sense of the claims. I don't know how to translate them into probabilities. We have 30 nurses, over 100 total options, and therefore for the description to be a nurse is 3 tenths."
P10,2,"Suppose a tennis player reaches the Wimbledon final. He has to win 3 out of 5 sets to win the final. Consider two possible events. The first is that the player will win the first set. The second is that the player will win the first set but lose the match. Is one of these events more likely than the other, or are they equally likely? Explain your reasoning.","So if we consider the possible events that we have here, we take the second set and we expand the full expression for it, meaning that the probability of winning the second set, given that you won the first, and overall for you winning, you need three wins, and this is a symmetric situation, where things will, replacing them, it will give an advantage of having won the first set. So overall I think you are more likely to win, given that you won the first set."
P10,3,"A cancer test is administered to all the residents in a large city. A positive result is indicative of cancer and a negative result of no cancer. Now compare two probabilities. The first is the probability that a person has in fact cancer, supposing that they got a positive result. The second is the probability of a positive test, supposing that the person has cancer. Is one of these more likely than the other, or are they equally likely? Explain your reasoning.","So, to explain this, we need to use the Bayes theorem. So, probability of having a positive result, given that you have cancer, is equal to, on top we have probability of having cancer, given that you have a positive result, times the probability of a positive result, divided by the probability of cancer. And if I leave on one side only the probabilities of a positive result divided by probability of cancer, and on the other side, positive result, given that you have cancer, and cancer, given that you have a positive result. And now we think about this, we of course know that the probability of a positive result is higher than of actually having cancer. Therefore, the probability of getting a positive result, given that you have cancer, is higher than the probability of you actually having cancer."
P10,4,"Two black and two white marbles are put in an urn. We pick a marble from the urn. Then, without putting it back into the urn, we pick a second marble at random. If the second marble is white, what is the probability that the first marble was white? Explain how you arrived at your answer.","Okay, so for this we need the base theorem again, and we need to do an expansion, so on top we need to have if we want a white marble, we want the probability of having a white marble times the probability of having a white marble on the first run given that on the second run we saw a white marble, so Let's consider what's the probability of having a white marble on the first run? Well, it's a half, right? Because we have two blacks and two whites, so therefore if we put the numbers and on the denominator we expand, we're going to have the probability of a white marble on the first run times the probability of a white marble given that we had on the second marble white, plus the probability of not a white marble on the first and given that we have a white marble on the second, and then we have on the denominator we have half times a half times a third, which is a six plus two-thirds times a half in the other one, which is a third, so a six plus a third which is a half and on the top we have a half times a third, which is one-sixth six divided by a half gives us a third"
P10,5,"Two dice are thrown and the product of the two numbers is 12. What is the probability that neither of the two numbers is a six, taking the order of the numbers into account? Explain how you arrived at your answer.","So there are four options here. We can either have 3, 4, 4, 3, 6, 2, or 2, 6. Therefore, taking into account only the two options that we want, it's a half."
P10,6,"A card is drawn from a well-shuffled standard deck and set aside face down, unseen. A second card is then drawn and shown to be an ace. What is the probability that both cards drawn are aces? Explain how you arrived at your answer.","So, probability of getting an ace on the first one is Basically, we have four aces overall on the deck out of 52 So that's 1 over 13 and getting another one later on will be left with only 3 Divided by 51, which is the remaining cards. So 1 over 13 times 3 over 51"
P10,7,"60 percent of the population in a city are men, 40 percent women. 50 percent of the men and 25 percent of the women smoke. We select a person from the city at random. What is the probability that this person is a smoker? Explain how you arrived at your answer.",so if we do the expansion so we are going to select a random so 60 could be men in the option that there are men there is a 50 chance that they smoke so 0.5 times 0.6 that gives us 0.3 and then 40 it could be a woman and 25 they would smoke so 0.4 times 0.25 gives us 0.1 plus 0.3 gives us 0.4 overall 40
P10,8,"A test detects a disease whose prevalence is 1 in 1000. Whenever a person has the disease, the test is positive. However, the test also has a false positive rate of 5 percent, meaning that 5 percent of healthy people also test positive. A person is selected at random, given the test, and the result is positive. What is the chance that this person actually has the disease? Explain how you arrived at your answer.",okay so we need to expand here so probability of having the disease given that you are positive is equal to probability of you being positive given that you have the disease times the probability of disease um so the first one is one and the second one is one over a thousand divided by the probability of you actually being positive which we need to expand and when we expand the denominator we have one over a thousand plus 999 over one thousand times 0.05 which overall gives us 0.02
P10,9,10.3 percent of women in a given city have a positive mammogram. The probability that a woman in this city has both a positive mammogram and breast cancer is 0.8 percent. A mammogram given to a woman taken at random in this population was positive. What is the probability that she actually has breast cancer? Explain how you arrived at your answer.,"So again, we need to use the same approach, probability of having breast cancer, we need to expand and leave the probability of having a positive mammogram given that you have breast cancer times the probability of you having breast cancer is equal to the probability of you having a positive breast cancer given that you have a mammogram, wait, I confused my results, sorry."
P10,10,Two machines M-1 and M-2 produce balls. Machine M-1 produces 40 percent and M-2 60 percent of balls. 5 percent of the balls produced by M-1 and 1 percent of those produced by M-2 are defective. We take a ball at random and it is defective. What is the probability that the ball was produced by machine M-1? Explain how you arrived at your answer.,"So, we need to expand the expression again. So, the probability of being defected, given that it was produced by M1, times the probability of getting produced by M1, is equal to the probability of M1, given that it was defected, times the probability of actually being defected. So, the probability of actually being defected needs to be expanded fully. So, 0.4 times 5% of them are actually defected, 0.05, given that it was 0.02, plus the probability of getting produced by M1 and being defected is 0.006 after the multiplication. So, if we add that, we get 0.026. And on the other side, we have the probability of being defected, given that it was produced by M1, is 0.05, and the probability of getting produced by M1 is 0.4, and if we multiply that together, and then divide, we get overall 10 over 13, which is 0.77."
P10,11,"A witness sees a crime involving a taxi in a city. The witness says that the taxi is blue. It is known from previous research that witnesses are correct 80 percent of the time when making such statements. The police also know that 15 percent of the taxis in the city are blue, the other 85 percent being green. What is the probability that a blue taxi was involved in the crime? Explain how you arrived at your answer.",so
P10,12,"In a routine screening programme, 3 percent of the people screened have a certain disease. If a person has the disease, the probability is 75 percent that the screening test will be positive. If a person does not have the disease, the probability is 5 percent that the test will still be positive. A person from this programme has just tested positive. What is the probability that this person actually has the disease? Explain how you arrived at your answer.","So again, we need to expand the probability of being positive given that you have the disease times the probability of the disease. So the probability of being positive given that you have the disease is 0.75, and the probability of having the disease is 0.03. So if we do the calculation, we have 0.75 times 0.03 gives 0.025. And then that equals the probability of having the disease given that you're positive times the probability of being positive. And if we expand the probability of being positive with the probability of being positive given that you have the disease, which is 0.75, plus the probability of being positive given that you don't have the disease, 0.05, and then we do the calculation. So if we do the calculation, we have 0.05, and then we do the calculation."
P11,0,A bag holds three red marbles and one blue marble. One marble is drawn at random. What is the probability that it is red? Explain your reasoning.,"There are 3 red marbles and 1 blue marble. In total, there are 4 marbles. Of the 4 marbles, 3 of those are red, so the probability that the randomly selected marble is red is 3 out of 4, or 75%."
P11,1,"A panel of psychologists interviewed 30 nurses and 70 accountants, all successful in their fields, and wrote short descriptions of each. One description has been drawn at random. Sam is warm and attentive, remembers colleagues' birthdays, and recently stayed late to comfort a distressed co-worker. What is the probability that Sam is one of the 30 nurses rather than one of the 70 accountants? Explain how you arrived at your answer.","There are 30 nurses and 70 accountants. In total, there are 100 people who have been interviewed, and so, therefore, 100 short descriptions. One of the descriptions is drawn at random. We have no information on how the descriptions are related to either of the two fields, so we can assume that the description is independent of the field, and, therefore, that information is not really useful, what is in the description. So, now we're just doing the probabilities, assuming that the nurses and accountants are independent of each other as well. And so, there are 30 nurses out of 100, so the probability that this is a nurse is 30 out of 100, or 3 out of 10. So, 30 percent."
P11,2,"Suppose a tennis player reaches the Wimbledon final. He has to win 3 out of 5 sets to win the final. Consider two possible events. The first is that the player will win the first set. The second is that the player will win the first set but lose the match. Is one of these events more likely than the other, or are they equally likely? Explain your reasoning.","Okay, so the first assumption is that he has an equal chance of winning and losing inside of each set, right? So that means that for any given set, there's a 50% chance that he wins, 50% chance that he loses. So the two possible events, the first is that the player will win the first set. The chance that he wins this set, another assumption is that it's independent of all other sets. The chance that he wins this set is 50%, so that's that one. The first possible event has a 50% chance of happening. The second event is that the player will win the first set and lose the match. To look at this, we have to look at all of the possibilities for how the match can play out if the player wins the first set. So if he wins the first set... Okay, now on to the second one. So if he wins the second set and this player needs two more wins to win the match, so let's assume that he wins the second set. And then he assumes that he wins the third set, so that's WW. If we assume that he wins the second set and then loses the third set but wins the fourth set, he's won. If we assume that he wins the second set, loses, loses, wins. And we can go through all of the permutations and you'll see that there are 10 permutations. Given that he's won the first set, there are 10 permutations, and four of these permutations end in him ultimately losing. So that's a 4 in 10 chance that after he won the first set that he ultimately loses the match. That's 4 over 10, or 2 over 5, or a 40% chance, which is less likely than him losing the match. That's 4 over 10, or 2 over 5, or a 40% chance that after he won the first set that he ultimately loses the match. So the question asked, is one of these events more likely than the other? It is more likely that he wins the first set than he wins the first set but loses the match."
P11,3,"A cancer test is administered to all the residents in a large city. A positive result is indicative of cancer and a negative result of no cancer. Now compare two probabilities. The first is the probability that a person has in fact cancer, supposing that they got a positive result. The second is the probability of a positive test, supposing that the person has cancer. Is one of these more likely than the other, or are they equally likely? Explain your reasoning.","In this question, we actually don't have enough information to make an assumption about the likelihood of each of these scenarios. We can't say if they're equally likely or not, but we can say the conditions that would make them equally likely. So these have to do, both of these have to do with the qualities of the test. So the probability that someone has cancer, given that there's a positive test, talks to the precision of the test. And the probability that the test is positive, given that the person has cancer, talks to the recall of the test. These are two different statistical metrics. So if the precision and the recall are equal, then these two things would have the same probability. The precision and the recall. If the precision and the recall of the test are equal, then these two things would have the same probability. But without understanding the precision and the recall of the test, we can't say for certain whether these two things are equal. The probabilities are also not independent, so it's hard to compare."
P11,4,"Two black and two white marbles are put in an urn. We pick a marble from the urn. Then, without putting it back into the urn, we pick a second marble at random. If the second marble is white, what is the probability that the first marble was white? Explain how you arrived at your answer.",probability that the first marble was white is one in three sorry the probability that the first marble was white is one in two or half the second marble being white actually does not reveal any new information and these are independent picks so the probability of the first marble being white is one in two
P11,5,"Two dice are thrown and the product of the two numbers is 12. What is the probability that neither of the two numbers is a six, taking the order of the numbers into account? Explain how you arrived at your answer.","There are four possible ways to have the product of two dice be 12 That is Rolling a 3 and a 4, a 4 and a 3, a 2 and a 6, and a 6 and a 2 So given that one of two numbers cannot be a 6 then there are only two possible ways So the probability that neither of the two numbers is a 6 is 2 out of 4, 1 over 2"
P11,6,"A card is drawn from a well-shuffled standard deck and set aside face down, unseen. A second card is then drawn and shown to be an ace. What is the probability that both cards drawn are aces? Explain how you arrived at your answer.","Assuming that there is no replacement and that a standard deck has 52 cards, the chance of the first card being an ace is 4 over 52. The chance of the second card being an ace is now 3 over 51. Because these are independent events, we can multiply the probabilities to get the probability of both events occurring one after the other, and we will get 1 over 221."
P11,7,"60 percent of the population in a city are men, 40 percent women. 50 percent of the men and 25 percent of the women smoke. We select a person from the city at random. What is the probability that this person is a smoker? Explain how you arrived at your answer.","So the probability that somebody is a smoker would be the union of smoker and man and smoker and woman, assuming that you're going to have to be a man or woman. And that is the probability that you smoke, given you're a man, times the probability of you being a man, plus the probability that you smoke, given you're a woman, times the probability that you are a woman. So that's 50% times 60%, you would get 30%, and 25% times 40%, you would get 10%. And you add those together and you get 40%. So the probability that a person at random is a smoker is 40%."
P11,8,"A test detects a disease whose prevalence is 1 in 1000. Whenever a person has the disease, the test is positive. However, the test also has a false positive rate of 5 percent, meaning that 5 percent of healthy people also test positive. A person is selected at random, given the test, and the result is positive. What is the chance that this person actually has the disease? Explain how you arrived at your answer.","So the disease detects a disease, the test detects a disease whose prevalence is 1 in 1000, so, nice, the test has a false positive risk of 5%, so of those 1000, 5% are, false positive, would get a false positive, and 1 would get, of the 1000 people, there is 1 who is a true positive, this test would 100% detect that true positive, of the 999 other people, the test would detect 5% of them to be, um, false positives, and that's roughly 50 people, so, the positive, if you get a positive on the test, um, there's roughly 1 in 51% chance, or 1 in 51 chance, that you would actually be positive, 1 in 51."
P11,9,10.3 percent of women in a given city have a positive mammogram. The probability that a woman in this city has both a positive mammogram and breast cancer is 0.8 percent. A mammogram given to a woman taken at random in this population was positive. What is the probability that she actually has breast cancer? Explain how you arrived at your answer.,"According to Bayes' theorem for independent events, the probability of A given B is the probability of A and B over the probability of B. In this case, A is the probability that she has cancer, and B is the probability that her mammogram is positive. So the probability of A and B is 0.8, and the probability of B is 10.3%. So you put the 0.8 over the 10.3%, and this would give you 7.767, which is more than 100%. I would say that this is flawed interpretation, because the probability that a woman in the city has both positive and mammogram. Positive mammogram and breast cancer, maybe you're not independent, or something like that. I'm not actually sure."
P11,10,Two machines M-1 and M-2 produce balls. Machine M-1 produces 40 percent and M-2 60 percent of balls. 5 percent of the balls produced by M-1 and 1 percent of those produced by M-2 are defective. We take a ball at random and it is defective. What is the probability that the ball was produced by machine M-1? Explain how you arrived at your answer.,"Okay, so 40% come from M1 and 60% come from M2. The probability of a defect given M1 is 5%, the probability of a defect given M2 is 1%. So the total proportion of defects contributed by M1 is 2%, so 2% of all balls are defective, and that's the contribution from M1. And the contribution from M2 is 0.6%. That would come from multiplying the probability M2 by probability of defect given M2 and probability M1 by probability of defect given M1. And then get the proportion or the probability that M1 is given that it's defective. So we know now that there is a total chance that it's defective of 2.6%, and the probability of that defect coming from M1 is the 2%. over the 2.6%, and that gives us 10 over 13."
P11,11,"A witness sees a crime involving a taxi in a city. The witness says that the taxi is blue. It is known from previous research that witnesses are correct 80 percent of the time when making such statements. The police also know that 15 percent of the taxis in the city are blue, the other 85 percent being green. What is the probability that a blue taxi was involved in the crime? Explain how you arrived at your answer.","Okay, the witness says that the taxi is blue. 80% of the time, the witness is correct. So that's, we're starting with 80%. Now the 20% of the time, I'm assuming that the witness is incorrect in that they randomly assigned the detail. Which means in this scenario, in the 20% scenario, it's a random choice between blue and green. Um, now given that 15% of the taxis are blue and 85% are green. So 25% of the time, when it's a random choice, the 15% that it's blue, um, would be correct. So then we have 20% times 15%, we get 3%. So we now have a combined 83%. The chance, the probability that the blue taxi was involved in the crime is 83%."
P11,12,"In a routine screening programme, 3 percent of the people screened have a certain disease. If a person has the disease, the probability is 75 percent that the screening test will be positive. If a person does not have the disease, the probability is 5 percent that the test will still be positive. A person from this programme has just tested positive. What is the probability that this person actually has the disease? Explain how you arrived at your answer.","Okay, so the total number of people that would test positive would be 75% of the 3% who have the disease and 5% of the 97% who don't have the disease. So that is our denominator, that is the probability that you test positive. Now, numerator would be the probability that you test positive and have the disease, which would be 75% of the 3%. They tested positive and they have the disease. So that is 3% of 75% divided by 3% of 75% plus 97% of 3%. Okay. And that number gives us 45 over 142. There's a 45 over 142 chance that the person for the program has just tested positive and actually has the disease."
P12,0,A bag holds three red marbles and one blue marble. One marble is drawn at random. What is the probability that it is red? Explain your reasoning.,"So now it's recording, so you have to... Oh, okay, so the probability is 3 out of 4. We can model this as being without repetition, and there is some complicated formula for that, but it's not required in this simple case."
P12,1,"A panel of psychologists interviewed 30 nurses and 70 accountants, all successful in their fields, and wrote short descriptions of each. One description has been drawn at random. Sam is warm and attentive, remembers colleagues' birthdays, and recently stayed late to comfort a distressed co-worker. What is the probability that Sam is one of the 30 nurses rather than one of the 70 accountants? Explain how you arrived at your answer.","Okay, so the answer is 30%. And now we can arrive at the answer using the following way of thinking. We use Bayes' theorem with conditional probability, and we want to calculate the probability of the event that sum is inert, given two priors. The first prior is the given statistical distribution of nurses and accountants in our population, and this is a quantitative prior, therefore we can keep it. And the other prior that we get is sum's personality, and this prior is qualitative. And... Yes, but for computing probability, we can only use quantitative priors, so we reject this qualitative prior. And because of that, the probability is simply equal to the distribution of nurses in the population, which is 30%. Thank you very much. Thank you very much."
P12,2,"Suppose a tennis player reaches the Wimbledon final. He has to win 3 out of 5 sets to win the final. Consider two possible events. The first is that the player will win the first set. The second is that the player will win the first set but lose the match. Is one of these events more likely than the other, or are they equally likely? Explain your reasoning.","Okay, so the answer is that the probability of winning the first set but losing the match is lower than the probability of winning the first set. So I assume that both players have the same chance of winning a set that is 50% given that we do not have any prior information about their ATP ranking. So the probability to win the first set is 1 out of 2. And now to calculate the probability of winning the first set but losing the match, I drew a tree, a binary tree. This is a binary tree of depth. It has 4, representing the potential outcomes of all 4 sets. The match has got 5 sets, but we already know that one player won the first set. So then we consider only the remaining 4 sets. And then we consider the leaf nodes of this binary tree. There are 16 leaves. We then calculate. I then wrote out numbers from 0 to 15 written in binary base, so base 2. And then for each of these 16 numbers I counted then the number of ones. And that is our end result. And the number of ones indicates how many sets player A won. And then I know that player A who won the first set needs to win only two out of four sets to win. Conversely player B needs to win at least three out of four sets to win. Which means that using my sum of one digits for any of these 16 binary numbers if I get a sum of digits which is zero or one this means that player A lost. But if I get two, three or four this means that player A won. And from these three I get that the probability for player A losing is five out of sixteen. And so I use that as my final number. And that's it. Thank you."
P12,3,"A cancer test is administered to all the residents in a large city. A positive result is indicative of cancer and a negative result of no cancer. Now compare two probabilities. The first is the probability that a person has in fact cancer, supposing that they got a positive result. The second is the probability of a positive test, supposing that the person has cancer. Is one of these more likely than the other, or are they equally likely? Explain your reasoning.","Okay, so this depends on the characteristics of the administered test, namely on its confusion matrix. The confusion matrix has got four entries, true positive, false positive, false negative and true negative. So the probability that a person has indeed got cancer, given that the prediction indicates cancer, equals true positive divided by true positive plus false positive. And the probability that the prediction says yes, while the ground truth is also yes, is true positive. True positive divided by true positive plus false negative. So this all depends on the values of false positive and false negative."
P12,4,"Two black and two white marbles are put in an urn. We pick a marble from the urn. Then, without putting it back into the urn, we pick a second marble at random. If the second marble is white, what is the probability that the first marble was white? Explain how you arrived at your answer.","So the probability is 1 out of 3, and the reasoning is to use Bayes' theorem. I first label as event A that the first draw is white, and I label as event B that the second draw is white, and then I compute the conditional probability of A conditioned on B, and this equals the probability of A and B divided by probability of B, and this equals 1 out of 6 divided by 1 out of 2, which equals 1 out of 3."
P12,5,"Two dice are thrown and the product of the two numbers is 12. What is the probability that neither of the two numbers is a six, taking the order of the numbers into account? Explain how you arrived at your answer.",So the probability is 1 out of 2 and I arrived at my answer by considering all of the divisors of the number 12 which is and also for each divisor I actually consider a pair of numbers that combines give 12 and I put them in a lexicographical order and then I notice we have four pairs of numbers whose product is 12 and then two of those pairs contain the number six and two of those pairs of numbers do not contain six so it's two pairs out of four meaning a probability one out of two
P12,6,"A card is drawn from a well-shuffled standard deck and set aside face down, unseen. A second card is then drawn and shown to be an ace. What is the probability that both cards drawn are aces? Explain how you arrived at your answer.","Okay, so the answer is 1 divided by 221, and I arrived at the answer by using Bayes' theorem, of course. So I am computing the probability of event X and Y happening simultaneously, where I denote event X to be drawing the first card as an ace, and event Y as drawing an ace as the second card. Yes, and then I use Bayes' theorem, and I arrive at the answer."
P12,7,"60 percent of the population in a city are men, 40 percent women. 50 percent of the men and 25 percent of the women smoke. We select a person from the city at random. What is the probability that this person is a smoker? Explain how you arrived at your answer.","So, the probability that the person is a smoker is 0.4 and I arrived at this answer by considering 4 buckets Men smoker, men not smoker, women smoker, women not smoker"
P12,8,"A test detects a disease whose prevalence is 1 in 1000. Whenever a person has the disease, the test is positive. However, the test also has a false positive rate of 5 percent, meaning that 5 percent of healthy people also test positive. A person is selected at random, given the test, and the result is positive. What is the chance that this person actually has the disease? Explain how you arrived at your answer.","Okay, so the answer is 1019 divided by 20000, which in decimal form is 0.05195. And I arrived at this answer using Bayes' theorem. So I drew a confusion matrix, and then I labeled three key events. I labeled the event that the prediction says true, that the prediction says yes, as A. I labeled that the ground truth label is yes, as B. And I labeled the event that the ground truth label is no, as C. And then I used Bayes' theorem multiple times. And I also used the fact that the probability of A is equal to the probability of A and B. And to that I added the probability of A and C. Okay, let me rephrase that one last bit. The probability of A is equal to the probability of the intersection of A and B, and the probability of the intersection of A and C."
P12,9,10.3 percent of women in a given city have a positive mammogram. The probability that a woman in this city has both a positive mammogram and breast cancer is 0.8 percent. A mammogram given to a woman taken at random in this population was positive. What is the probability that she actually has breast cancer? Explain how you arrived at your answer.,So the answer is 0.078 and I arrived at this answer by drawing the confusion matrix and labeling the event that the prediction says yes as A and by labeling the event that the ground truth is yes as B and later I used Bayes theorem of course and I computed the conditional probability that P given A and this equals the probability of the intersection of A and B divided by the probability of event A
P12,10,Two machines M-1 and M-2 produce balls. Machine M-1 produces 40 percent and M-2 60 percent of balls. 5 percent of the balls produced by M-1 and 1 percent of those produced by M-2 are defective. We take a ball at random and it is defective. What is the probability that the ball was produced by machine M-1? Explain how you arrived at your answer.,"Okay, so the answer is 0.769 and I arrived at the answer by considering by using Bayes' theorem, of course and I consider the conditional probability that machine 1 given defect and this equals to the probability of machine 1 intersected with defect divided by the probability of defect and to calculate the probability of defect we can compute this as the probability of defect intersection machine 1 and we add to that the probability of defect intersection machine M2 and then the probability of an intersection is equal to the probability to the conditional probability times the probability of the prior and using that we arrive at the answer and similarly we arrive at the value of probability of M1 intersection B"
P12,11,"A witness sees a crime involving a taxi in a city. The witness says that the taxi is blue. It is known from previous research that witnesses are correct 80 percent of the time when making such statements. The police also know that 15 percent of the taxis in the city are blue, the other 85 percent being green. What is the probability that a blue taxi was involved in the crime? Explain how you arrived at your answer.","So, the answer is 80%, and this question seems very unintuitive to me, so I just reframed this question as a question about disease detection, and I thought about the witness statement as the prediction of a diagnostic test, which can either predict positive or negative, or which can say yes or no, and I also thought about the true colour of the taxi involved in the crime as the ground truth of the disease being present or absent. And I map blue as yes, or in other words, disease present, I map green as no, or in other words, disease absent, and yes, so I label the event as follows, prediction says yes, it's labelled as A, ground truth says yes. It's labelled as B, ground truth says no, it's labelled as C, and in the question we are given that the probability of B conditioned on A is 0.8, and the question also asks about the probability of B given A, so it's 80%."
P12,12,"In a routine screening programme, 3 percent of the people screened have a certain disease. If a person has the disease, the probability is 75 percent that the screening test will be positive. If a person does not have the disease, the probability is 5 percent that the test will still be positive. A person from this programme has just tested positive. What is the probability that this person actually has the disease? Explain how you arrived at your answer.","Okay, so with three significant digits, the answer is 0.317. And I arrived at this answer by drawing a confusion matrix, and I labeled three events using letters ABC. A is labeled as ground truth, says yes. S is labeled as prediction, says yes. C is labeled as ground truth, says no. And then I compute. I am given that the probability of A is 3%, the probability of B given A is 75%, the probability of B given C is 5%, and the probability of A given B using Bayes' theorem is equal to the probability of the intersection of A and B divided by the probability of B. And we know that A and C sum to 1, which means that the probability of C is 97%. Then we compute the probability of the intersection of A and B, and this is given by the probability of B conditioned on A times the probability of A. We know both of these numbers, so it's fine. We then also compute the probability of C, the probability of A intersected with C, and we compute this as the probability... Sorry. The last expression that I meant was not the probability of A intersection C, but the probability of B intersection C, and we compute this by... by having the probability of B conditioned on C times the probability of C. We know both of these numbers, so it's fine. And then we can also quite easily compute the probability of B, because this is the sum of the probability of A intersection B and the intersection of B and C. Okay, and that's how we get to the final answer."
P13,0,A bag holds three red marbles and one blue marble. One marble is drawn at random. What is the probability that it is red? Explain your reasoning.,"So it's in progress, right? Yeah. Well, I think for this answer, the probability that it's red should be four of three, as I think there are four marbles inside the bags. So the probability to pick each of them, since there are three red marbles inside, so I think there should be three multiplied four of one. So it should be four of three. Yeah. And now I need to end the conversation."
P13,1,"A panel of psychologists interviewed 30 nurses and 70 accountants, all successful in their fields, and wrote short descriptions of each. One description has been drawn at random. Sam is warm and attentive, remembers colleagues' birthdays, and recently stayed late to comfort a distressed co-worker. What is the probability that Sam is one of the 30 nurses rather than one of the 70 accountants? Explain how you arrived at your answer.","Hi. Well, I think I forgot how to calculate the accurate probability from the Bayeson's theorem, but I think the probability that Sam is one of the 30 nurses rather than one of the 70 accountants should be higher rather than 10 of 3. Thanks. If you didn't provide any context, just like I didn't know Sam is warm and attentive, since he remembers colleagues' birthdays as well as some other information. Well, this kind of context said that Sam is quite familiar with other colleagues. So it's more like that he should be one of the colleagues. So I think Sam should be one of the 30 nurses. Based on this kind of context, I think the probability of Sam... ...would be higher rather than just the guessing. If I'm just guessing whether Sam is one of the nurses or accountants, I think it should be the number of nurses divided the whole attendees or the number of accountants divided by the total people numbers. But actually, I think based on your context, I think Sam is quite familiar with colleagues. So I prefer that. The probability of Sam to be a nurse would be higher rather than the accountants. So I think the probability would be higher than 10 of 3."
P13,2,"Suppose a tennis player reaches the Wimbledon final. He has to win 3 out of 5 sets to win the final. Consider two possible events. The first is that the player will win the first set. The second is that the player will win the first set but lose the match. Is one of these events more likely than the other, or are they equally likely? Explain your reasoning.","Well, I think that one of these events is more likely than another. For example, I think the probability of the first event is equal to the second one. Since the first one is that the player will win the first set. Well, I think the probability of this one is just one second, that is 50%. He can win this set and he can lose this kind of set. So the probability should be 50%. But for the second one, the player will win the first set but lose the match. I think it is different because my calculation probability will be 48 out of 25. The reason why is that I think we need to use a PSN. Well, the difference why it is not equal to 50% is that if you preset the guys who win this kind of first set, that means if you wanted to lose the match, that means in the last four trials, he must only win one set. If he can win two sets or three sets, that means he will win the set. But the problem is that if you preset, he must lose the match. So we must have given that he can only win one or even smaller than one. So I think the probability will be that one minus he lose four last trials, one minus he win all last four trials, and minus he can win three of the last four trials, and minus he can win any two of the four trials. And the final result will be 48 out of 25. And I think it is kind of bigger rather than the... 50%. Yeah. But I think it is kind of weird. Yeah, since... It should be smaller than 50%, since he has to win the first trials. And that means the result of he win the whole set will be higher rather than 50%. But I don't know why I calculate the result. It's kind of weird. It's smaller than 50%. Yeah. But the reason is just like that. But I think my answer is that the probability of first event should be equal to the second event since you have preset he lose the first set. So it will influence the lasting reasoning."
P13,3,"A cancer test is administered to all the residents in a large city. A positive result is indicative of cancer and a negative result of no cancer. Now compare two probabilities. The first is the probability that a person has in fact cancer, supposing that they got a positive result. The second is the probability of a positive test, supposing that the person has cancer. Is one of these more likely than the other, or are they equally likely? Explain your reasoning.","Well, for this question, I think maybe the second event has a higher possibility, since I just searched for the equation of the Bayesian theorem, and I just used the equation to calculate the result. I think the difference between the first event and the second event is that, well, I think they share different prior probability. Well, for the first event, the prior probability will be the PC. That means whether these guys got the cancer. Well, as for the second event, the PC got the total probability. Well, I think the probability of a human to get the cancer should be small. Or it should be much smaller, rather than 50%, since rarely people get the cancer. So, since the PC is quite small, so I think the first event got the PC, well, to multiply this kind of probability. But for the second event, they need to divide it as the total probability. So, based on the mathematical things, I think the second event should be higher, rather than 50%. Okay. Okay. So, this is much more real than the probability of the first event."
P13,4,"Two black and two white marbles are put in an urn. We pick a marble from the urn. Then, without putting it back into the urn, we pick a second marble at random. If the second marble is white, what is the probability that the first marble was white? Explain how you arrived at your answer.","Well, based on my calculation, I think the probability that the first marble was white should be one sixth, or at least it should be smaller, rather than one second, or smaller than 50%. The reason why that, since you have predefined that, you cannot put in data back after you picking up a marble, so that means if you find a second marble is white, that means the probability you're picking up the first marble is white should be smaller. The reason why is that there are only four marbles, two are black and two are white, so if in the first you pick up the white marble, that means there are only one white marble left in the box. But you said that you pick up the white marbles again at the second try, so that means it should be more easier to pick up a black marble at the first try, so that means there will be two white marbles left inside the second try. The probability of the second try to be white should be higher, but you have to choose that the second try should be to pick up the white marbles, so I think the probability to pick up the first white marbles should be smaller, so based on my calculation, it's one sixth, but at least I think it should be smaller, rather than 50%."
P13,5,"Two dice are thrown and the product of the two numbers is 12. What is the probability that neither of the two numbers is a six, taking the order of the numbers into account? Explain how you arrived at your answer.","Well, I think the probability that the net value of the two numbers is 6 should be 2 3rd. Well, the reason why that, if you like, two dice are thrown and the product of the two numbers is 12, there are three options. The first option is to 2 multiply 6, and 3 multiply 4, and 4 multiply 3. And there are three options, right? Also, you can take in the order of the number into the count. That means you got 2 product 6, 6 product 2, 3 plus 3. Yeah. Okay, so it is not 2 3rd, it should be 1 2nd. I'm sorry. Yeah. So."
P13,6,"A card is drawn from a well-shuffled standard deck and set aside face down, unseen. A second card is then drawn and shown to be an ace. What is the probability that both cards drawn are aces? Explain how you arrived at your answer.","I think the probability that both cards drawing are aces should be smaller rather than 1.13. I don't know how to calculate the specific value, but I think if you didn't give me any context, I think you pick up 1s from a shuffled card, that would be 4 divided by 42. So the probability to pick up an ace should be 1.13. But now you told me that the second card is an ace. That means the probability to pick up 1s at the first trial should be smaller rather than 1.13."
P13,7,"60 percent of the population in a city are men, 40 percent women. 50 percent of the men and 25 percent of the women smoke. We select a person from the city at random. What is the probability that this person is a smoker? Explain how you arrived at your answer.","Well, my calculation about the probability that this person is a smoker is 50%. Well, the reason why that, I think this probability can be divided into two parts. The first part will be this guy is a man, and he smokes. Another part will be this guy is a woman, and she also smokes. So for the first part, I think it should be 50% multiplied by 60%, it should be 30%. And the second part will be 40% multiplied by 25%, it should be 10%. And we can add them together, and it should be about 40%."
P13,8,"A test detects a disease whose prevalence is 1 in 1000. Whenever a person has the disease, the test is positive. However, the test also has a false positive rate of 5 percent, meaning that 5 percent of healthy people also test positive. A person is selected at random, given the test, and the result is positive. What is the chance that this person actually has the disease? Explain how you arrived at your answer.","My calculation is about 95%, well, I don't know how to calculate that, but it should be smaller than 1, thanks. You have said that the test also has a false positive rate of 5%, right? That means 5% of healthy people may also be tested with a positive result. So, if given that this person has a result of positive, there will be two possible options. The first option would be that he did have a D-basis and he has been tested as the positive result. That would be really great. But also, there will be another probability that that would be he has no D-basis, he's a normal man, but he has been tested. He has been detected as the fake positive result, randomly. So, I think it should be smaller than 1, but I'm not confident whether it should be 95%. It should be calculated by the Bayesian theorem."
P13,9,10.3 percent of women in a given city have a positive mammogram. The probability that a woman in this city has both a positive mammogram and breast cancer is 0.8 percent. A mammogram given to a woman taken at random in this population was positive. What is the probability that she actually has breast cancer? Explain how you arrived at your answer.,"My calculation of the probability that he actually has breast cancer would be four-fifteenths. Since I just simply used the 0.8% to divide it by the 3%. It could be wrong, but I think since the probability that he got the positive momentum, the mammogram should be 3%. Given that, you need to find what is the probability that he actually got breast cancer. He also told me that the probability that women in this city have both the positive momentum and the negative momentum. The positive momentum and the breast cancer is 0.8%, and it's more like the overlap of each other. So I think maybe we can use this kind of overlap to divide it by the mammogram, so that we can find out the probability whether he actually has breast cancer."
P13,10,Two machines M-1 and M-2 produce balls. Machine M-1 produces 40 percent and M-2 60 percent of balls. 5 percent of the balls produced by M-1 and 1 percent of those produced by M-2 are defective. We take a ball at random and it is defective. What is the probability that the ball was produced by machine M-1? Explain how you arrived at your answer.,"I think the probability that the ball is produced by machine M1 is about 10 out of 13. The reason why is that if you find a ball is defective, there are two probabilities. The first probability comes from this ball is produced by M1. And another probability that this ball is produced by M2. For M1, the probability will be 40% x 5% is about 2%. And for the second probability that 60% x 1% is about 0.6%. And given that we are talking about the defective things. So the total probability... The total probability will be 2% at the 0.6%. And we use the probability of M1 to divide it by the total probability will be 2% divided by 2.6%. And the result will be 1013."
P13,11,"A witness sees a crime involving a taxi in a city. The witness says that the taxi is blue. It is known from previous research that witnesses are correct 80 percent of the time when making such statements. The police also know that 15 percent of the taxis in the city are blue, the other 85 percent being green. What is the probability that a blue taxi was involved in the crime? Explain how you arrived at your answer.","I think the probability that a blue taxi was involved in this crime is about 83%. The reason why that... Well, I just used... I just calculated the problem that what if the business just make a mistake? For example, it is not a blue taxi getting involved in the crime. What if it was a green one? And the business got a mistake. She made the green taxi wrongly into the blue one. So I just calculated this kind of probability and I used the 1 to minus this kind of wrong probability to get the probability of crime recognized of a blue taxi. And for the wrongly probability, I used the 1. I think it should be 85%. That would be the percent of the green taxi in the host cities. 85% multiplies 1 minus 80%. 80% would be the probability that the witness makes the correct decisions. But it could be wrong sometimes. So it should be 20%. So we use 85% to multiply 20%. The result will be 70%. And this kind of 70% represents what if the witness made the wrong decisions and accidentally the... She just recognized the green taxi into the blue taxi. So if we would like to confirm the probability that the blue taxi indeed got involved in the crime, we use the probability 1. Probability 100% to minus this kind of 70% and get the result of 83%."
P13,12,"In a routine screening programme, 3 percent of the people screened have a certain disease. If a person has the disease, the probability is 75 percent that the screening test will be positive. If a person does not have the disease, the probability is 5 percent that the test will still be positive. A person from this programme has just tested positive. What is the probability that this person actually has the disease? Explain how you arrived at your answer.","I think the probability that this person actually has the disease is 95%. I tried to use the Bayesian system to calculate the result, but actually I don't know how to find out the correct value. But based on my analysis, I think if you would like to find out the probability that this person actually has the disease, given that you have the positive result, I think we can just use the probability 100% to minus the event that what if you got the positive result, but actually you don't have any diseases. I think from the description that the 5% that the test will still be positive if the person does not have the disease. So I just use 1 to minus. This kind of 5% to get the result of 95%."
P09,0,A bag holds three red marbles and one blue marble. One marble is drawn at random. What is the probability that it is red? Explain your reasoning.,"The probability of drawing a red ball is one-third, because the probability of picking a ball in the bag is totally random. So there's three balls in the bag, and picking one ball in the bag will lead to a probability equal to one-third."
P09,1,"A panel of psychologists interviewed 30 nurses and 70 accountants, all successful in their fields, and wrote short descriptions of each. One description has been drawn at random. Sam is warm and attentive, remembers colleagues' birthdays, and recently stayed late to comfort a distressed co-worker. What is the probability that Sam is one of the 30 nurses rather than one of the 70 accountants? Explain how you arrived at your answer.","The probability is 30% because the personality of the person that sees them is totally irrelevant to their occupation. So those two things are called statistically independent events. So drawing from that distribution, the probability of Sam is the nurses is just playing 30%."
P09,2,"Suppose a tennis player reaches the Wimbledon final. He has to win 3 out of 5 sets to win the final. Consider two possible events. The first is that the player will win the first set. The second is that the player will win the first set but lose the match. Is one of these events more likely than the other, or are they equally likely? Explain your reasoning.","The first event is more likely because the second event relies on the first event. A person can only achieve the second event only if they win the first match. The probability of the second event will be the probability of the first event times a certain probability, which leads to a less likely condition."
P09,3,"A cancer test is administered to all the residents in a large city. A positive result is indicative of cancer and a negative result of no cancer. Now compare two probabilities. The first is the probability that a person has in fact cancer, supposing that they got a positive result. The second is the probability of a positive test, supposing that the person has cancer. Is one of these more likely than the other, or are they equally likely? Explain your reasoning.","These two probabilities are not equally likely, and generally speaking, the first one should be more likely to happen. However, we cannot compare them rigorously without further information. For the first probability, the likely occurrence of that event is basically conditioned on how sensitive the test is. The more accurate the test is, the probability will be higher. And for the second one, the main factor affecting the probability is the cancer population of that city. So without those two information, those two probabilities can be more likely to happen. However, they cannot be compared rigorously."
P09,4,"Two black and two white marbles are put in an urn. We pick a marble from the urn. Then, without putting it back into the urn, we pick a second marble at random. If the second marble is white, what is the probability that the first marble was white? Explain how you arrived at your answer.","This is a Bayesian statistical problem, so the condition is the second marble drawn from the urn is white, and our probability is 1 out of 2. And the exact situation we have here is the probability of we get a white marble, given that the second marble is also white, and our probability is 1 out of 2 times 1 out of 3, and that is 1 out of 6. So if we divide 1 out of 2... by 1 out of 2, we get 1 out of 3, which is the probability of getting a white marble from the urn, while the second one is also white."
P09,5,"Two dice are thrown and the product of the two numbers is 12. What is the probability that neither of the two numbers is a six, taking the order of the numbers into account? Explain how you arrived at your answer.","The probability of the event is 50%, and that is because to get a product of 12, we have four different combinations, which is 2 times 2, 2 times 6, 6 times 2, 3 times 4, and 4 times 3. Those four combinations have equal probability, and only two of them do not have a 6 in them, so the final probability will be 1 out of 2."
P09,6,"A card is drawn from a well-shuffled standard deck and set aside face down, unseen. A second card is then drawn and shown to be an ace. What is the probability that both cards drawn are aces? Explain how you arrived at your answer.",the probability is 3 out of 51 that is because we have 52 cards in the well shuffled deck and we already um sliced one out of those deck so the uh numerator well a numerator will be 51 and because we have four aces uh in the in the deck and uh we already picked one out of them so the numerator uh so so the probability will be 3 out of 51
P09,7,"60 percent of the population in a city are men, 40 percent women. 50 percent of the men and 25 percent of the women smoke. We select a person from the city at random. What is the probability that this person is a smoker? Explain how you arrived at your answer.","The probability is 40%. Let's assume we have 100 persons in the city, and according to 60% of the population are men, and half of them smoke. So there are 30 male smokers in the city, and according to 40% of the women, only one-fourth of those are smokers. So we have 10 female smokers. So in total, we have 30 male smokers and 10 female smokers, which contributes to a total of 40 smokers in the city, which leads to the probability 40 of the total smokers. Thank you very much."
P09,8,"A test detects a disease whose prevalence is 1 in 1000. Whenever a person has the disease, the test is positive. However, the test also has a false positive rate of 5 percent, meaning that 5 percent of healthy people also test positive. A person is selected at random, given the test, and the result is positive. What is the chance that this person actually has the disease? Explain how you arrived at your answer.","The turnout of these people who have the disease is really rare because of a very large population and the probability of having this disease is really, really low. So most of the positive cases actually come from the healthy people. Let's assume a city of a thousand population and that means only one people will have the disease. And because the test is always positive for when the disease is present, that gives a 100% probability when people test it and get positive. However, for the remaining 1,999 population, they are also healthy and 5% of those healthy people are tested positive, which means 49.95% people will be tested positive even though they're healthy. So the number of people tested to be positive will be 1 plus 49.95, which equals to 50.95. And the final probability will be 1 over 50.95, which I think is below 1%."
P09,9,10.3 percent of women in a given city have a positive mammogram. The probability that a woman in this city has both a positive mammogram and breast cancer is 0.8 percent. A mammogram given to a woman taken at random in this population was positive. What is the probability that she actually has breast cancer? Explain how you arrived at your answer.,"the probability should be 0.07777 approximately. So we want the probability of a woman actually having cancer given a positive mammogram, and the probability of having a positive mammogram is 1.03%. And the probability of having cancer and actually having a positive diagnosis is 0.8%. That leads to a patient probability of 0.008 out of 0.103, which leads to 0.07777 approximately. OK."
P09,10,Two machines M-1 and M-2 produce balls. Machine M-1 produces 40 percent and M-2 60 percent of balls. 5 percent of the balls produced by M-1 and 1 percent of those produced by M-2 are defective. We take a ball at random and it is defective. What is the probability that the ball was produced by machine M-1? Explain how you arrived at your answer.,um let's see let's say we have a hundred balls in total and that leads to 40 balls produced by machine one and the other six is produced by machine two and because the defective rate of machine one is five percent that leads to 40 times five percent which is eight defective balls produced by machine one and the uh according to the one percent defective rate of machine two that leads to um 60 times point point one that is only 0.6 defective balls all right yes so um we if we are going to produce 100 balls in total um we will have 0.6 plus um oh sorry the defective ball of machine one produces 3.2 so the total defective balls produced in total is 0.6 plus 3.2 which equals to three points um three points eight and we're drawing one defective ball from those and um actually let's scale the probability like let's scale sorry no i mean uh if we have a hundred balls we'll have zero points two defective balls produced by m2 and three points two defective balls produced by m1 and uh the probability of drawing a defective ball from m1 is actually 3.2 out of 3.2 plus 0.3 that is 3.2 out of 3.8 which is 32 out of 38 which is 16 out of four uh 17 let's see that is 94.11 percent so
P09,11,"A witness sees a crime involving a taxi in a city. The witness says that the taxi is blue. It is known from previous research that witnesses are correct 80 percent of the time when making such statements. The police also know that 15 percent of the taxis in the city are blue, the other 85 percent being green. What is the probability that a blue taxi was involved in the crime? Explain how you arrived at your answer.","The probability will be roughly 41%, that is because the total case that the witnesses state the text is blue is the probability of the text is actually blue while they are reporting accurately, which leads to 0.15 times 0.8, which is 0.12, plus the probability of the witness is actually reporting a green taxi, but they are reporting it not correctly, which is 0.85 times 0.2, which leads to 0.17. The denominator is 0.12 plus 0.17 leads to 0.29, so the total probability will lead to 0.12 out of 0.29, which is roughly 41%."
P09,12,"In a routine screening programme, 3 percent of the people screened have a certain disease. If a person has the disease, the probability is 75 percent that the screening test will be positive. If a person does not have the disease, the probability is 5 percent that the test will still be positive. A person from this programme has just tested positive. What is the probability that this person actually has the disease? Explain how you arrived at your answer.","The probability is 8%, so for a person who has a certain disease which has been tested positive, the probability of the operation will be a certain person who actually has the disease and have the positive test accurately, which is 3% times 75%, which leads to 0.0225. Out of 0.0225 plus the probability of a person who is not having the disease and have the false positive, which is 9%. The probability is 97% times 25%, which leads to 0.2425, and the probability of that is 0.0225 out of 0.0225 plus 0.2425, and that is 0.0225 out of 0.265, which leads to 0.2425. So the probability of a person who has a different disease, that was a positive test for them, is 8.3%. Thank you for watching. And I'll see you next time. Bye bye. Thanks for watching. . . ."
